product_id,product_name,youtube_link,item_no
55070,Gradudated Round and Pear Diamond Huggie Earrings,https://youtube.com/shorts/RJ5PU6zdsgE,E28534GW18DD001
53820,Round Diamond Toi et Moi Ring,https://youtu.be/Tc9IprHKjfg,R40436GW18DD001
53839,Pear Shaped Diamond Toi et Moi Ring,https://youtu.be/qWidMg6HkoA,R40437KP18DD001
53840,Princess Cut Diamond Toi et Moi Ring,https://youtu.be/3GglEi6vfsU,R40438GW18DD001
53850,Octagon Emerald Cut Diamond Toi et Moi Ring,https://youtu.be/nyIVWgKbPhA,R40439GW18DD001
53858,Octagon Emerald Cut and Pear Shaped Diamond Toi et Moi Ring,https://youtu.be/_p5UWj7FeVo,R40440GW18DD001
53862,Oval and Pear Shaped Diamond Toi et Moi Ring,https://youtu.be/jH7Od6HjM6I,R40441GW18DD001
42814,Octagon Emerald Cut Diamond Toi et Moi Ring,https://youtu.be/fCowxToSUpM,R28606GW18DD001
42820,Pear Shaped Diamond Toi et Moi Ring,https://youtu.be/2q4RNHJqCkI,R28608GW18DD001
42826,Asscher Cut Diamond Toi et Moi Ring,https://youtu.be/7gBAQ5X7zqQ,R28610GW18DD001
42829,Oval Shaped Diamond Toi et Moi Ring,https://youtu.be/HHT4e8RXVPg,R28611GW18DD001
54407,Diamond Pav矇 Set Dome Ring (S),https://youtu.be/bCgUQzryfAg,R28803GW18DD001
54502,Diamond Pav矇 Set Dome Ring (M),https://youtu.be/FnKjFu42n0w,R28804GW18DD001
54507,Diamond Pav矇 Set Dome Ring (L),https://youtu.be/87mf19cnTRw,R28805GW18DD001
54511,Diamond Pav矇 Set Dome Ring (XL),https://youtu.be/W-ZSGB7VOZE,R28806GW18DD001
54744,Diamond Pav矇 Set Dome Huggie Earrings (S),https://youtu.be/YjF9BW9_Ekg,E28807GW18DD001
54955,Diamond Pav矇 Set Dome Huggie Earrings (M),https://youtu.be/FASWPYAg0ZE,E28808GW18DD001
54979,Diamond Pav矇 Set Dome Hoop Earrings (L),https://youtu.be/UG1a3_7y4bA,E28809GW18DD001
54321,Diamond Pav矇 Set Ring (S),https://youtu.be/YZa-femIbLc,R28814GW18DD001
54322,Diamond Pav矇 Set Ring (M),https://youtu.be/4S8hUWMHiXA,R28815GW18DD001
54688,Diamond Pav矇 Set Huggie Earrings (S),https://youtu.be/LdSjmylAuWo,E28818GW18DD001
54693,Diamond Pav矇 Set Huggie Earrings (M),https://youtu.be/-pTgL4OYY9o,E28819GW18DD001
54697,Diamond Pav矇 Set Hoop Earrings (L),https://youtu.be/tqLlD9qKuPQ,E28820GW18DD001
54589,Diamond Claw Set Huggie Earrings (S),https://youtu.be/JwEZVGLwGc4,E39936GW18DD007
54598,Diamond Claw Set Huggie Earrings (M),https://youtu.be/C72DdlcZpN0,E39937KY18DD003
54602,Diamond Claw Set Huggie Earrings (L),https://youtu.be/E8HhUmMjCdk,E39938GW18DD008
54606,Diamond Claw Set Hoop Earrings (XL),https://youtu.be/I1dIqi1ncFY,E41137GW18DD002
54610,Diamond Claw Set Hoop Earrings (XXL),https://youtu.be/F1sfOR8eiaU,E41138GW18DD002
54293,9 Stone Octagon Emerald Cut Diamond Ring,https://youtu.be/BNNT4USu0CE,R41741GW18DD002
54297,7 Stone Octagon Emerald Cut Diamond Ring (S),https://youtu.be/_oBFvmYDl80,R41742GW18DD001
54301,7 Stone Octagon Emerald Cut Diamond Ring (L),https://youtu.be/fIK5Lf747HY,R41743GW18DD001
54308,5 Stone Octagon Emerald Cut Diamond Ring (S),https://youtu.be/DtQYY1skZX8,R41744GW18DD001
54312,5 Stone Octagon Emerald Cut Diamond Ring (M),https://youtu.be/xwWa8haSQxA,R41745GW18DD001
54313,5 Stone Octagon Emerald Cut Diamond Ring (L),https://youtu.be/cRSXHiI0qTg,R41746GW18DD001
54317,5 Stone Octagon Emerald Cut Diamond Ring (XL),https://youtu.be/JSnQXfhEBaA,R41747GW18DD001
54292,7 Stone Octagon Emerald Cut Diamond Ring,https://youtu.be/OLAYkWtbUlA, R41748GW18DD001
54288,5 Stone Octagon Emerald Cut Diamond Ring,https://youtu.be/NVEPCOLutnA,R41142GW18DD001
53917,7 Stone Ruby and Diamond Ring (M),https://youtu.be/mkGl6hdezxE,R41734GW18RB001
53923,7 Stone Sapphire and Diamond Ring (L),https://youtu.be/6wIi7GZjIOc,R41735GW18SA001
53944,5 Stone Ruby and Diamond Ring (M),https://youtu.be/1RzOEcn4pJw,R41737GW18RB001
53946,5 Stone Sapphire and Diamond Ring (L),https://youtu.be/JgtoBJu5ckM,R41738GW18SA001
54263,Baguette and Round Diamond Ring (XXL),https://youtu.be/-VVEGj9pBLA,R41141GW18DD001
44430,Diamond Initial C Open Pendant with Chain in 18K White Gold,https://youtube.com/shorts/GsO276meglk,P29069GW18DD001
44454,Diamond Initial C Titanium Ring in 18K White Gold,https://youtube.com/shorts/pteCkb947qk,R29069GW18DD001
44395,Diamond Initial C Titanium Bangle in 18K White Gold,https://youtube.com/shorts/dw8epWDE6r8,B29069GW18DD001
44488,Diamond Initial C Titanium Ring in 18K Yellow Gold,https://youtube.com/shorts/ihib0E-BFho,RA29069KY18DD001
44476,Pink Sapphire Diamond Initial C Open Pendant with Chain in 18K Rose Gold,No Video (to be shoot),P29070KP18SP001
44442,Diamond Initial C Open Pendant with Chain in 18K Yellow Gold,https://youtube.com/shorts/ku7AffvF94I,P29071KY18DD001
44531,Black & White Mother of Pearl Diamond Owl Pendant with Chain in 18K White Gold,No Video (to be shoot),PA29074GW18V01001
44543,Black Agate Citrine Diamond Owl Pendant with Chain in Two Tone 18K Gold,https://youtube.com/shorts/TItVRb5IWBU,P29075GA18V01001
44566,Black Agate Citrine Diamond Owl Ring in Two Tone 18K Gold,https://youtube.com/shorts/exCKBqynlOc,R29075GA18V01001
44584,Blue Topaz Black & White Diamond Owl Pendant with Chain in 18K White Gold,https://youtube.com/shorts/h5jTpH7DGgE,P29076GW18V01001
44602,Blue Topaz Black & White Diamond Owl Ring in 18K White Gold,https://youtube.com/shorts/xAr51UGvCDE,R29076GW18V01001
44284,Octagon Emerald Cut Diamond Drop Earrings (M) in 18K White Gold,https://youtube.com/shorts/6H590A6-7Lg,EA27369GW18DD001
44346,Octagon Emerald Cut Diamond Drop Pendant with Chain in 18K White Gold,https://youtube.com/shorts/GuCo7J3MPkQ,PB27369GW18DD001
44357,Octagon Emerald Cut Diamond Pendant with Chain in 18K White Gold,https://youtube.com/shorts/SyA0YRoKcp4,PC27369GW18DD001
44296,Octagon Emerald Cut Diamond Stud Earrings in 18K White Gold,https://youtube.com/shorts/HOzMqf9AlsI,ED27369GW18DD001
44308,Octagon Emerald Cut Diamond Drop Earrings (S) in 18K White Gold,https://youtube.com/shorts/gLPMync6nwo,EE27369GW18DD001
44382,Octagon Emerald Cut Diamond Pendant with Chain in 18K White Gold,https://youtube.com/shorts/xagq-6czNbQ,PF27369GW18DD001
44320,Octagon Emerald Cut Diamond Drop Pendant with Chain in 18K White Gold,https://youtube.com/shorts/AZTsZnbQrww,PA27619GW18DD001
44332,Octagon Emerald Cut Diamond Drop Pendant with Chain (S) in 18K White Gold,https://youtube.com/shorts/Vyv5O_ARKls,PB27619GW18DD001
44369,Octagon Emerald Cut Diamond Drop Pendant with Chain (M) in 18K White Gold,https://youtube.com/shorts/0Wmf-Ciz2dA,PC27619GW18DD001
43927,Pink Mother of Pearl Pink Sapphire Diamond Butterfly Pendant with Chain in 18K White Gold,https://youtube.com/shorts/KaN445jy14U,P29104GW18V01001
43879,Pink Mother of Pearl Pink Sapphire Diamond Butterfly Earrings in 18K White Gold,https://youtube.com/shorts/EjvmbjvTudA,E29104GW18V01001
43952,Yellow Mother of Pearl Orange Sapphire Diamond Butterfly Pendant with Chain in 18K White Gold,https://youtube.com/shorts/u-ymJFbnR08,PA29104GW18V01001
43903,Yellow Mother of Pearl Orange Sapphire Diamond Butterfly Earrings in 18K White Gold,https://youtube.com/shorts/S5hyMuA7uKI,EA29104GW18V01001
43940,Mother of Pearl Pink Sapphire Diamond Butterfly Pendant with Chain in 18K White Gold,https://youtube.com/shorts/GqQPkI54IzM,P29105KP18V01001
43891,Mother of Pearl Pink Sapphire Diamond Butterfly Earrings in 18K White Gold,https://youtube.com/shorts/VevIQ2HA5pA,E29105KP18V01001
43964,Mother of Pearl Diamond Butterfly Pendant with Chain in 18K White Gold,https://youtube.com/shorts/eL5nvoX333w,PA29105GW18MW001
43915,Mother of Pearl Diamond Butterfly Earrings in 18K White Gold,https://youtube.com/shorts/-VGWusr8fWo,EA29105GW18MW001
44260,Baguette and Round Diamond Barrel Pendant (S),https://youtu.be/BGUCZdv4R_k,P27935GW18DD001
44272,Baguette and Round Diamond Barrel Pendant (M),https://youtu.be/Pc_FUAJ6cy0,P27934GW18DD001
54529,Octagon Emerald Cut Diamond Halo Ring,https://youtu.be/34kB5PDWLZA,R42172GW18DD001
54542,Pear Shaped Diamond Halo Ring,https://youtu.be/F8klk4ysmok,RA42175GW18DD001
54538,Oval Cut Diamond Halo Ring,https://youtu.be/iDmtKhHWhLU,RA42174GW18DD001
43976,Three Row Pave Diamond Classic Bangle in 18K White Gold,https://youtube.com/shorts/cyLil6vTcDQ,B28804GW18DD001
43988,Five Row Pave Diamond Classic Bangle in 18K White Gold,https://youtube.com/shorts/RPCbdSXDOG0,B28805GW18DD001
53806,11 Round Diamond Bar Set Ring (S),https://youtu.be/SmyFXI4_MwU,R41490GW18DD001
53818,9 Round Diamond Bar Set Ring (M),https://youtu.be/-mNr0HyldVg,RA41490GW18DD001
53819,7 Round Diamond Bar Set Ring (L),https://youtu.be/PuzSRTm4txs,RB41490GW18DD001
57007,Diamond Snake Necklace,No Video,N29306GA18DD001 
57003,Diamond Snake Bangle,https://youtu.be/C8QGfPNRkLU,B29306GA18DD001
57005,Diamond Snake Infinity Pendant with Chain,https://youtu.be/PDfiIP57TEU,P29307GA18DD001
57006,Diamond Snake Earrings,https://youtu.be/w6tS6Z_x61o,E29307GA18DD001
57008,Diamond Snake Open Circle Pendant with Chain,https://youtu.be/zIv6zn4jtxc,P29308GC18DD001
57011,Diamond Snake Open Circle Pendant with Chain,https://youtu.be/MTfOyDi6OZk,P29309GA18DD001
57010,Diamond Snake Open Circle Earrings,https://youtu.be/JUDqgPMDb8Q,E29309GA18DD001
57013,Diamond Snake Ring,https://youtu.be/gpaxJ1aoIPw,R29310GC18DD001
57012,Diamond Snake Infinity Pendant with Chain,https://youtu.be/RcA1Uf8p7UI,P29310GC18DD001
57015,Diamond Snake Pendant with Chain,https://youtu.be/Eg0u1vfjzfI,P29311GC18DD001
57014,Diamond Snake Earrings,https://youtu.be/xME0VkDsq1I,E29311GC18DD001
56829,Sapphire Diamond Fan-Shaped Earrings,https://youtu.be/GllUGaeZ3CY,E29324GA18SA001
56824,Sapphire Diamond Fan-Shaped Pendant with Chain,https://youtu.be/PkU9nXdy1HY,P29324GA18SA001
56825,Sapphire Diamond Fan-Shaped Ring,https://youtu.be/9z9D2TCC5BI,R29324GA18SA001
56823,Sapphire Diamond Fan-Shaped Brooch,https://youtu.be/gs2SEf1mQTE,PA29324GA18SA001
56826,Mother of Pearl Diamond Wing-Shaped Earrings,https://youtu.be/ILmreyHsoGM,E29325KP18MW001
56827,Mother of Pearl Diamond Fan-Shaped Pendant with Chain,https://youtu.be/0Wx1tlTgAwY,P29325KP18MW001
56828,Mother of Pearl Diamond Fan-Shaped Ring,https://youtu.be/6On9bTPRFis,R29325KP18MW001
56831,Diamond Black Rhodium Fan Circle Earrings,https://youtu.be/vpuRNdmfGUk,E29326GW18DD001
56830,Diamond Black Rhodium Fan Circle Pendant with Chain,https://youtu.be/sBfO52i64ng,P29326GW18DD001
56832,Diamond Fan-Shaped Gold Earrings,https://youtu.be/ZxMju1d8CCM,E29327KY18DD001
56833,Diamond Fan-Shaped Gold Pendant with Chain,https://youtu.be/C5lvNXZzmbQ,P29327KY18DD001
56835,Diamond Curve-Shaped Gold Pendant with Chain,https://youtu.be/kY3CWnFC3Lg,P29328GA18DD001
56834,Diamond Fan-Shaped Gold Ring,https://youtu.be/DWredEDO5BQ,R29328GA18DD001
56838,Diamond V-Shaped Gold Pendant with Chain,https://youtu.be/aDLOG5QUh-M,P29329GA18DD001
56839,Diamond Sunburst Ring,https://youtu.be/N4i2vy_66e0,R29330GA18DD001
56836,Diamond Sunbrust Pendant with Chain,https://youtu.be/zsZt0n89Lp0,P29330GA18DD001
56837,Diamond Sunburst Earrings,https://youtu.be/7fs0xfKaY9s,E29330GA18DD001
56981,Enamel Amethyst Blue Topaz Green Garnet Citrine Diamond Lemon Brooch,No Video (to be shoot),P29338GA18V01001
56980,Enamel Amethyst Yellow Sapphire Flower Ring,https://youtu.be/R6uzrssMUWk,P29339KD18V01001
56977,Enamel Pink Sapphire Yellow Sapphire Ring,https://youtu.be/j0zojP6SjvU,P29339KD18V02001
56974,Enamel Green Garnet Strawberry Pendant,https://youtu.be/__Ilhx820fQ,P29340GA18V01001
56975,Amethyst Berry Pendants,No Video (to be shoot),P29341KY18V01001
56973,Enamel Diamond Flower Brooch,No Video (to be shoot),P29331KY18V01001
56976,Enamel Rainbow Sapphire Doughnut with Diamond Bangle,https://youtu.be/dGl9-Syju2I,P29332GC18V01001
56978,Red Garnet Cherry Pendant,https://youtu.be/HTu_Wd0JD74,P29333GB18V01001
56979,Cr癡me Diamond Ring,https://youtu.be/26Z1yqoJNes,P29334GA18V01001
56985,Enamel Macaron with Diamond Twisted Ring,https://youtu.be/Obl_pzYQqv4,P29335GW18V01001
56982,Enamel Macaron with Diamond Twisted Ring,https://youtu.be/afEmuLsJLY8,P29335KP18V02001
56983,Enamel Macaron with Diamond Full Eternity Ring,https://youtu.be/Ez7W9KahSP4,P29336GA18V01001
56987,Enamel Macaron with Diamond Full Eternity Ring,https://youtu.be/x1KejyOefhM,P29336KY18V02001
56986,Enamel Macaron with Diamond Full Eternity Ring,https://youtu.be/_j453mdSmig,P29337GW18V01001
56984,Enamel Macaron with Diamond Full Eternity Ring,https://youtu.be/sKvo3nKr8WA,P29337KP18V02001
53951,5 Stone Sapphire and Diamond Ring (XL),https://youtu.be/fyp5VdBBWnA,RA41738GW18SA001
53969,7 Stone Emerald and Diamond Ring (XL),https://youtu.be/6UoXjycP1O4,RA41735GW18EM001
53970,Ruby and Diamond Claw Set Ring (15 Stone),No Video (to be shoot),ZA41146GW18RB001
53974,Sapphire and Diamond Claw Set Ring (13 Stone),No Video (to be shoot),ZB41146GW18SA001
53978,Emerald and Diamond Claw Set Ring (11 Stone),No Video (to be shoot),ZC41146GW18EM001
53982,Sapphire and Diamond Claw Set Ring (9 Stone),No Video (to be shoot),ZE41146GW18SA001
53993,Ruby and Diamond Channel Set Ring (15 Stone),No Video (to be shoot),ZA40792GW18RB001
53994,Sapphire and Diamond Channel Set Ring (13 Stone),No Video (to be shoot),ZB40792GW18SA001
53998,Emerald and Diamond Channel Set Ring (11 Stone),No Video (to be shoot),ZC40792GW18EM001
54002,Sapphire and Diamond Channel Set Ring (9 Stone),https://youtu.be/iuR9iUqtNBs,ZD40792GW18SA001
54006,Ruby and Diamond Milgrain Grain Set Ring (15 Stone),https://youtu.be/X_GYXG7ouZk,R43155GW18RB001
54010,Sapphire and Diamond Milgrain Grain Set Ring (13 Stone),https://youtu.be/YzFYJ2ve2aY,RA43155GW18SA001
54011,Emerald and Diamond Milgrain Grain Set Ring (11 Stone),https://youtu.be/GPv0xbFl6Rs,RB43155GW18EM001
54016,Sapphire and Diamond Milgrain Grain Set Ring (9 Stone),https://youtu.be/r_7koZ6zUOw,RC43155GW18SA001
54666,Diamond Milgrain Grain Set Huggie Earrings (S),https://youtu.be/iQb6P-yI-T0,E43156GW18DD001
54670,Sapphire and Diamond Milgrain Grain Set Huggie Earrings (M),https://youtu.be/4m0fWO8cyRY,EA43156GW18SA001
54675,Diamond Milgrain Grain Set Huggie Earrings (L),https://youtu.be/3QUZFEcdQ-c,EB43156KY18DD001
54679,Emerald and Diamond Milgrain Grain Set Hoop Earrings (XL),https://youtu.be/_U7wv6J4i-8,EC43156GW18EM001
54683,Diamond Milgrain Grain Set Hoop Earrings (XXL),https://youtu.be/8yMLm3vlgr0,ED43156GW18DD001
54212,Diamond Krisscut Ring (0.25ct),https://youtu.be/ICiGAdm3Wbw,R43157GW18DD001
54216,Diamond Krisscut Ring (0.50ct),https://youtu.be/6UoXjycP1O4,RA43157GW18DD001
54217,Diamond Krisscut Ring (0.75ct),https://youtu.be/x0Wjba_FPxU,RB43157GW18DD001
54221,Diamond Krisscut Ring (1.00ct),https://youtu.be/0IMHQTzTACE,RC43157GW18DD001
54271,Graduated Baguette and Round Diamond Ring (L),https://youtu.be/ep2lj0C8BWk,R43159GW18DD001
54270,Graduated Baguette and Round Diamond Ring (S),No Video (to be shoot),R43160GW18DD001
54229,Princess Cut and Round Diamond Ring (S),https://youtu.be/3yXpJKeTItU,R43163GW18DD001
55002,Princess Cut and Round Diamond Huggie Earrings (S),https://youtu.be/fU2JiNa_bUM,E43163GW18DD001
54230,Princess Cut and Round Diamond Ring (L),https://youtu.be/FV3ujOMTSNc,R43164GW18DD001
55006,Princess Cut and Round Diamond Huggie Earrings (L),https://youtu.be/NRpubjHFKT8,E43164GW18DD001
54237,Horizontal Baguette and Round Diamond Ring (S),No Video (to be shoot),R43165GW18DD001
55010,Baguette and Round Diamond Huggie Earrings (S),https://youtu.be/1JRb_5casAg,E43165GW18DD001
54238,Horizontal Baguette and Round Diamond Ring (L),No Video (to be shoot),R43166GW18DD001
55019,Baguette and Round Diamond Huggie Earrings (L),https://youtu.be/BiUd3Uu5Two,E43166GW18DD001
54024,Oval Cut Sapphire Diamond Ring (Center Stone 7 x 5mm),https://youtu.be/HH97Wa-OHq4,RA43167GA18SA001
54029,Oval Cut Sapphire Diamond Ring (Center Stone 8 x 6mm),https://youtu.be/uVIBVU02tvg,RB43167
54023,Oval Cut Emerald Diamond Ring (Center Stone 6 x 4mm),https://youtu.be/7afN87Hnilk,R43167GW18EM001
54038,Round Sapphire Diamond Ring (Center Stone 5mm),No Video (to be shoot),RA43168GW18SA001
54047,Round Sapphire Diamond Ring (Center Stone 6mm),https://youtu.be/EmxOXgd1hP0,RB43168
54033,Round Emerald Diamond Ring (Center Stone 4mm),https://youtu.be/RuHci4ilvIM,R43168GW18EM001
54650,Diamond Shared Prong Huggie Earrings (0.50ct),https://youtu.be/R-OUG2UDK8s,E43169GW18DD001
54634,Sapphire and Diamond Shared Prong Huggie Earrings (S),https://youtu.be/fUr5WQS2Nvg,E43169GW18SA001
54661,Diamond Shared Prong Huggie Earrings (1.00ct),https://youtu.be/rXSRw1ZYqQI,E43170GW18DD001
54643,Emerald and Diamond Shared Prong Huggie Earrings (L),https://youtu.be/tl3VG-w3Km4,E43170KY18EM001
54547,Diamond 2 Row Crossover Ring,No Video (to be shoot),R43171GW18DD001
54552,Diamond 2 Row Crossover Ring,https://youtu.be/mfYrNE_JwHI,RA43171GA18DD001
54556,Diamond 3 Row Crossover Ring,No Video (to be shoot),R43172GW18DD001
54560,Diamond 3 Row Crossover Ring,https://youtu.be/9_Ew3M2FQy0,RA43172GA18DD001
54581,Diamond Shared Prong Three Row Ring (S),https://youtu.be/KZ5jXzrN8TE,R43350KY18DD001
55027,Diamond Shared Prong Three Row Huggie Earrings (S),https://youtu.be/QatwLG-hfv8,E43350KY18DD001
54585,Diamond Shared Prong Three Row Ring (L),https://youtu.be/vQAfTA0U5_E,R43351GW18DD001
55029,Diamond Shared Prong Three Row Huggie Earrings (L),https://youtu.be/BLxyESIW9_Y,E43351GW18DD001
58109,Diamond Starburst Brooch,https://youtu.be/exUgnD4v47Y,P29347GC18DD001
58107,Diamond Starburst Brooch,https://youtu.be/cgE-Y_AYxZA,P29348GA18DD001
58108,Diamond Starburst Brooch,https://youtu.be/79RBFJ7daUg,P29349GW18DD001
58111,Akoya Pearl Diamond Crescent Brooch,https://youtu.be/Yyj2ITW6uBU,P29350GW18PA001
58110,Akoya Pearl Diamond Crescent Brooch,https://youtu.be/2YT7d1ZQ71g,P29351GW18PA001
58112,Akoya Pearl Diamond Crescent Brooch,https://youtu.be/jl5GKoc0yTw,P29352GW18PA001
58113,South Sea Pearl Diamond Wing Brooch,https://youtu.be/QGeGAIrOPSA,P29353GW18PS001
58114,South Sea Pearl Diamond Wing Brooch,https://youtu.be/17BERnb_SG0,P29354GA18PS001
58115,South Sea Pearl Diamond Sunburst Brooch,https://youtu.be/X5scTi1IB90,P29355GB18PS001
58116,Sapphire Diamond Floral Brooch,https://youtu.be/-EgXZ8KDFTY,P29356GW18SA001
58117,Sapphire Diamond Spiral Brooch,https://youtu.be/-icKtlg-ryQ,P29357GW18SA001
58130,Marquise Cut Diamond Flower Pear Shape Diamond Drop Necklace,No Video,N29379GW18DD001
58124,Marquise Diamond Flower Ring,https://youtu.be/wrJ2u0ntcnQ,R29379GW18DD001
58126,Marquise Cut Diamond Flower Pear Shape Diamond Drop Earrings,No Video (to be shoot),E29379GW18DD001
58125,Marquise Diamond Flower Bracelet,https://youtu.be/_tACiGGVZJE,B29379GW18DD001
58127,Marquise Cut Diamond Flower Pear Shape Diamond Drop Necklace,No Video,N29380GW18DD001
58128,Marquise Diamond Pear Shape Diamond Ring,No Video (to be shoot),R29380GW18DD001
58129,Marquise Diamond Pear Shape Diamond Drop Earrings,No Video (to be shoot),E29380GW18DD001
58131,Marquise Diamond Pear Shape Diamond Bracelet,No Video (to be shoot),B29380GW18DD001
58119,Emerald Cut Diamond Bangle,https://youtu.be/o0LlJFcMGn8,B43365GW18DD001
58120,Citrine Yellow Sapphire Diamond Parfum Pendant with Chain,No Video (to be shoot),P22260KY18CT005
55092,Diamond Polygon Block Necklace,No Video,N29498GA18DD001
55093,Diamond Polygon Block Ring,https://youtu.be/Y4396tm6bwg,R29498GA18DD001
55107,Diamond Polygon Block Hoop Earrings,https://youtu.be/K0latGFH8Ug,E29498GA18DD001
55108,Diamond Polygon Block Ring,https://youtu.be/FyODdvB_x-o,R29499GW18DD001
55116,Diamond Polygon Block Hoop Earrings,https://youtu.be/-y2Syl3ob5g,E29499GW18DD001
55117,Diamond Polygon Block Pendant with Chain,https://youtu.be/XKCC05y9Uzc,P29500GA18DD001
55126,Diamond Polygon Block Earrings,https://youtu.be/Qx_mNs63j-s,E29500GA18DD001
55130,Diamond Polygon Block Bracelet,https://youtu.be/4pbxh5P-Whk,B29500GA18DD001
55138,Diamond Polygon Block Pendant with Chain,No Video (to be shoot),P29501GA18DD001
55142,Diamond Polygon Block Ring,https://youtu.be/ZzmPMF6HPFQ,R29501GA18DD001
55146,Diamond Polygon Block Pendant with Chain,https://youtu.be/mb-nVlaJtnE,P29502GW18XX001
55150,Plain Gold Polygon Block Ring,No Video (to be shoot),R29502GW18XX001
55154,Diamond Polygon Block Bracelet,https://youtu.be/BXJO1sV2V2c,B29503GA18DD001
55162,Diamond Polygon Block Ring,https://youtu.be/8fUkPeKHrZ4,R29503GA18DD001
55163,Diamond Polygon Block Huggie Earrings,https://youtu.be/4Tt8jNfPK-Y,E29503GA18DD001
55174,Illusion Diamond Ring,https://youtu.be/FJkzKyuIG5Q,R29465GW18DD001
55178,Illusion Diamond Hoop Earrings,https://youtu.be/UKjWyMNcWIo,E29465GW18DD001
55183,Illusion Diamond Pendant with Chain,https://youtu.be/0UIN-qy59s8,P29465GW18DD001
55188,Illusion Diamond Bangle,https://youtu.be/dSaMGIBx_2A,B29465GW18DD001
55195,Illusion Diamond Ring,https://youtu.be/rylHZCsfvsU,R29466GA18DD001
55199,Illusion Diamond Hoop Earrings,https://youtu.be/041mY3wAZS0,E29466GA18DD001
55204,Illusion Diamond Pendant with Chain,https://youtu.be/ZQogvxyfZ5c,P29466GA18DD001
55232,Illusion Diamond Open Circle Earrings,https://youtu.be/XfmVHcjvG1M,E29467GC18DD001
55234,Illusion Diamond Open Circle Pendant with Chain,https://youtu.be/dBDYijgClTk,P29467GC18DD001
55236,Illusion Diamond Ring,https://youtu.be/7XsH0hNwdbQ,R29468GA18DD001
55239,Illusion Diamond Earrings,https://youtu.be/JyLz-mJIXWA,E29468GA18DD001
55240,Illusion Diamond Pendant with Chain,https://youtu.be/07GcjBaT0RQ,P29468GA18DD001
55247,Illusion Diamond Ring,https://youtu.be/kEB3_GupHxQ,R29469GW18DD001
55248,Illusion Diamond Hoop Earrings,https://youtu.be/Np4c0_Hhw3k,E29469GW18DD001
55249,Illusion Diamond Open Circle Pendant with Chain,https://youtu.be/ZTSqdstUDek,P29469GW18DD001
55253,Knife Edge Ceramics Diamond Link Necklace,No Video,N29470GW18V01001
55322,Knife Edge Diamond Ring,https://youtu.be/6XnQgSg8xOU,R29470GW18DD001
55323,Knife Edge Ceramics Diamond Link Earrings,https://youtu.be/GVHx4ovDHKw,E29470GW18V01001
55324,Knife Edge Ceramics Diamond Link Bracelet,https://youtu.be/QGEzpce90Zs,B29470GW18V01001
55325,Knife Edge Ceramics Diamond Link Necklace,No Video,N29471KY18V01001
55326,Knife Edge Black Agate Diamond Cufflink,https://youtu.be/QlQFFnOzWHk,C29471KY18AB001
55328,Knife Edge Ceramics Diamond Link Bracelet,https://youtu.be/36DE5-VbfKg,B29471KY18V01001
55329,Knife Edge Ceramics Plain Gold Link Necklace,No Video,N29472KY18V01001
55330,Knife Edge Plain Gold Ring,https://youtu.be/xcf943Mpsxc,R29472KY18XX001
55331,Knife Edge Ceramics Plain Gold Link Bracelet,https://youtu.be/Ysd6AlO1mtY,B29472KY18V01001
55332,Knife Edge Ceramics Diamond Link Necklace,No Video,N29473KY18V01001
55333,Knife Edge Ceramics Diamond Link Bracelet,https://youtu.be/7ZLKG9rAEeo,B29473KY18V01001
56733,Black Agate Plain Gold Link Bracelet,https://youtu.be/YDEw-KvQ9OI,B29474KY18AB001
56734,Black Agate Plain Gold Link Bracelet,https://youtu.be/_hcQ-l9mNok,B29475KY18AB001
56736,Black Agate Black Diamond Link Bracelet,https://youtu.be/HAEeSUMzRJQ,BA29475GW18V01001
56738,Black Agate Plain Gold Bracelet,https://youtu.be/I50F_O33APM,B29476KY18AB001
56740,Black Agate Plain Gold Ring,https://youtu.be/mad63f7OXBc,R29476KY18AB001
56741,Diamond Bracelet,https://youtu.be/cqS2Rofgq_8,B29477KV18DD001
56743,Diamond Ring,https://youtu.be/kmN_gBEO8lg,R29477GA18DD001
55335,Black Agate Star Cross Diamond Necklace,No Video,N29478GW18AB001
55395,Black Agate Star Cross Diamond Huggie Earrings,https://youtu.be/Pgk1_lshhXM,E29478GW18AB001
55399,Black Agate Star Cross Diamond Ring,https://youtu.be/GmF-GDYFPyE,R29478GW18AB001
55400,Black Agate Star Cross Diamond Bracelet,https://youtu.be/4KS9NixHi-c,B29478GW18AB001
55402,Diamond Star Cross Pendant with Chain,https://youtu.be/LEaeZLHrw1Y,P29479GW18DD001
55404,Diamond Star Cross Earrings,https://youtu.be/aPWID315GCo,E29479GW18DD001
55456,Diamond Star Cross Ring,https://youtu.be/V5t6mB_SY9c,R29479GW18DD001
55457,Diamond Star Cross Bracelet,https://youtu.be/LnnzwvSiW9U,B29479GW18DD001
55573,Black Agate Star Cross Diamond Pendant with Chain,https://youtu.be/aElJtK0HRWs,P29480GW18AB001
55574,Black Agate Star Cross Diamond Earrings,https://youtu.be/tsRNsDX_1LA,E29480GW18AB001
55575,Black Agate Star Cross Diamond Ring,https://youtu.be/O81anRNSK3w,R29480GW18AB001
55594,Diamond Star Cross Pendant with Chain,https://youtu.be/68bAWVRsgeY,P29481GA18DD001
55595,Diamond Star Cross Earrings,https://youtu.be/LE_01iVGE6I,E29481GA18DD001
55596,Diamond Star Cross Bracelet,https://youtu.be/mPzKJqJXTC0,B29481GA18DD001
55601,Fresh Water Pearl Diamond Ribbon Earrings,https://youtu.be/60zAMvYIXVE,E29482GW18PF001
55602,Fresh Water Pearl Diamond Ribbon Necklace,https://youtu.be/lGR_v1Hbrh8,N29482GW18PF001
55606,Black Agate Diamond Ribbon Earrings,https://youtu.be/h1GdkB8azUI,E29483GW18AB001
55607,Black Agate Diamond Ribbon Pendant with Chain,https://youtu.be/05Awbj5oO8A,P29483GW18AB001
55608,Black Agate Diamond Ribbon Ring,https://youtu.be/r54g95wwRmk,R29483GW18AB001
55609,Diamond Ribbon Earrings,https://youtu.be/fZs2RGiSbK4,E29484GC18DD001
55610,Diamond Ribbon Pendant with Chain,https://youtu.be/eh0Y7zUlpKs,P29484GC18DD001
55611,Diamond Ribbon Ring,https://youtu.be/1-F47CobqTs,R29484GC18DD001
55615,Diamond Ribbon Bangle,https://youtu.be/q93KybfQd4w,B29484GC18DD001
55612,Diamond Ribbon Earrings,https://youtu.be/1iVyuA2lHsk,E29485GW18DD001
55613,Diamond Ribbon Pendant with Chain,https://youtu.be/e_0U3mdReLU,P29485GW18DD001
55616,Diamond Ribbon Ring,https://youtu.be/KFbwIXSlaMc,R29485GW18DD001
55614,Diamond Ribbon Earrings,https://youtu.be/2x6FMa0FDv0,E29486GW18DD001
55617,Diamond Ribbon Pendant with Chain,https://youtu.be/x9FBAsQDVl4,P29486GW18DD001
55702,Black Mother of Pearl Diamond Spiral Pendant with Chain,https://youtu.be/UJgwEbX8ggY,P29487KY18MB001
55703,Black Mother of Pearl Diamond Spiral Ring,https://youtu.be/tdT0eOhwlNo,R29487KY18MB001
55706,Diamond Spiral Pendant with Chain (25mm),https://youtu.be/iWGBbhM1JVo,P29488GA18DD001
55707,Diamond Spiral Ring,https://youtu.be/bWKxEsJxLKw,R29488GA18DD001
55708,Diamond Spiral Pendant with Chain (15mm),No Video,P29489GA18DD001
55709,Diamond Spiral Earrings,https://youtu.be/W9wHs4xrgYU,E29489GA18DD001
55710,Malachite Diamond Spiral Pendant with Chain (15mm),https://youtu.be/YoYzjYrdrb4,P29490KY18MA001
55711,Malachite Diamond Spiral Earrings,https://youtu.be/CL2oRzlpMmE,E29490KY18MA001
55712,Diamond Spiral Pendant with Chain,https://youtu.be/mFfuTsBY_mk,P29491GA18DD001
55713,Diamond Spiral Ring,https://youtu.be/dKDepdofdEI,R29491GA18DD001
55714,Diamond Spiral Earrings,https://youtu.be/EClaKGEnGgU,E29491GA18DD001
55715,White Mother of Pearl Diamond Spiral Pendant with Chain,No Video,P29492KY18MW001
55716,White Mother of Pearl Diamond Spiral Ring,https://youtu.be/0xEvlhuZeKM,R29492KY18MW001
55717,White Mother of Pearl Diamond Spiral Earrings,https://youtu.be/0ZRxQUOMg78,E29492KY18MW001
55704,Diamond Spiral Necklace,No Video,N29493GW18DD001
55705,Diamond Spiral Earrings,https://youtu.be/ryI4uRH1yEU,E29493GW18DD001
55773,Fresh Water Pearl Diamond Twist Necklace,No Video,N29494GA18PF001
55767,Fresh Water Pearl Diamond Twist Ring,https://youtu.be/f0YhIC-0LeU,R29494GA18PF001
55768,Fresh Water Pearl Diamond Twist Earrings,https://youtu.be/OTyu1Pc7NAY,E29494GA18PF001
55769,Fresh Water Pearl Diamond Twist Bracelet,https://youtu.be/XqaXPVHiJ2U,B29494GA18PF001
55774,Fresh Water Pearl Diamond Double Bar Necklace,No Video,N29495GW18PF001
55771,Fresh Water Pearl Diamond Double Bar Ring,https://youtu.be/Nuoz4ekHdFA,R29495GW18PF001
55770,Fresh Water Pearl Diamond Double Bar Earrings,https://youtu.be/wIX79Hur4Sw,E29495GW18PF001
55772,Fresh Water Pearl Diamond Double Bar Bracelet,https://youtu.be/s8wY-sXXFgg,B29495GW18PF001
55778,Fresh Water Pearl Diamond Link Necklace,No Video,N29496GA18PF001
55776,Fresh Water Pearl Diamond Link Ring,https://youtu.be/OxONrEybysI,R29496GA18PF001
55775,Fresh Water Pearl Diamond Link Earrings,https://youtu.be/WH3Q8OAC2Qs,E29496GA18PF001
55777,Fresh Water Pearl Diamond Link Bracelet,https://youtu.be/IKZLCfoV284,B29496GA18PF001
55782,Black Agate Fresh Water Pearl Diamond Chinese Knot Necklace,No Video,N29497GW18V01001
55780,Black Agate Fresh Water Pearl Diamond Chinese Knot Ring,https://youtu.be/MrsX_UCb0kE,R29497GW18V01001
55779,Black Agate Fresh Water Pearl Diamond Chinese Knot Earrings,https://youtu.be/HKX-GCQf-dE,E29497GW18V01001
55781,Black Agate Fresh Water Pearl Diamond Chinese Knot Bracelet,https://youtu.be/0pggnf0QYI0,B29497GW18V01001
55927,Black Agate Diamond Chevron Earrings,https://youtu.be/OmTgS-1RZDE,E29504GW18AB001
55922,Black Agate Diamond Chevron Pendant with Chain,https://youtu.be/_gVDhjn-0t0,P29504GW18AB001
55923,Black Agate Diamond Chevron Ring,https://youtu.be/QrXDgLxADJY,R29504GW18AB001
55924,Black Agate Diamond Chevron Earrings,https://youtu.be/bNj5maumK70,E29505GW18DD001
55926,Black Agate Diamond Chevron Ring,https://youtu.be/NztftLSP_E0,R29505GW18DD001
55925,Black Agate Diamond Chevron Bangle,https://youtu.be/uP2WDPJHJQY,B29505GW18DD001
55928,Black Agate Diamond Chevron Earrings,https://youtu.be/YPLqZRUblTc,E29506GW18AB001
55929,Black Agate Diamond Chevron Pendant with Chain,https://youtu.be/-etzZKQ4t7E,P29506GW18AB001
55930,Black Agate Diamond Chevron Ring,https://youtu.be/N7reYFZqbqk,R29506GW18AB001
55931,Black Agate Diamond Chevron Earrings,https://youtu.be/wMMFznj_R6Y,E29507GW18DD001
55932,Black Agate Diamond Chevron Pendant with Chain,https://youtu.be/oYbPWK62U_4,P29507GW18DD001
55933,Black Agate Diamond Chevron Ring,https://youtu.be/u8T-5ahQhd8,R29507GW18DD001
55934,Black Agate Diamond Chevron Earrings,https://youtu.be/VjvY3Lcr_H0,E29508GW18DD001
55935,Black Agate Diamond Chevron Ring,https://youtu.be/p_SvUb29KCk,R29508GW18DD001
55941,Diamond Black Rhodium Brushed Pendant with Chain,https://youtu.be/ZdVFK3XJ0k8,P29509GW18DD001
55936,Diamond Black Rhodium Brushed Ring,https://youtu.be/PM9nv8qIOJQ,R29509GW18DD001
55937,Diamond Black Rhodium Brushed Huggie Earrings,https://youtu.be/viBk6kOeHW0,E29509GW18DD001
55944,Diamond Black Rhodium Brushed Pendant with Chain,https://youtu.be/vWJsWIaeyRU,P29510GW18DD001
55942,Diamond Black Rhodium Brushed Ring,https://youtu.be/Bk-rNTpFs-4,R29510GW18DD001
55943,Diamond Black Rhodium Brushed Earrings,https://youtu.be/2F2-WXO0DOQ,E29510GW18DD001
55947,Diamond Black Rhodium Brushed Pendant with Chain,https://youtu.be/Rh2CGTQ3uF0,P29511GW18DD001
55945,Diamond Black Rhodium Brushed Ring,https://youtu.be/FKqdlRJt6A4,R29511GW18DD001
55946,Diamond Black Rhodium Brushed Earrings,https://youtu.be/3NW3sdEhgiw,E29511GW18DD001
55938,Diamond Black Rhodium Brushed Pendant with Chain,https://youtu.be/7eK-dXb0PQI,P29512GW18DD001
55939,Diamond Black Rhodium Brushed Ring,https://youtu.be/nVbjAfISCDA,R29512GW18DD001
55940,Diamond Black Rhodium Brushed Huggie Earrings,https://youtu.be/_zkZq8MnL3g,E29512GW18DD001
55953,Diamond 3D Edge Huggie Earrings,https://youtu.be/W0KS15-FjFM,E29563GA18DD001
55948,Diamond 3D Edge Pendant with Chain,https://youtu.be/S5wnBvPm41k,P29563GA18DD001
55949,Diamond 3D Edge Ring,https://youtu.be/GJm95U9ujDs,R29563GA18DD001
55956,Diamond 3D Edge Huggie Earrings,https://youtu.be/PqNhPwJZk20,E29564KY18DD001
55954,Diamond 3D Edge Curve Pendant with Chain,https://youtu.be/u02L_mkslT8,P29564KY18DD001
55955,Diamond 3D Edge Ring,https://youtu.be/ln5w-Twun1M,R29564KY18DD001
55959,Diamond 3D Edge Earrings,https://youtu.be/vAKLoMRGmCw,E29565GW18DD001
55957,Diamond 3D Edge Pendant with Chain,https://youtu.be/BUlltxGYUys,P29565GW18DD001
55958,Diamond 3D Edge Open Ring,https://youtu.be/Gosraw0kWsY,R29565GW18DD001
55950,Diamond 3D Triangle Pendant with Chain,https://youtu.be/yVHhugzlSvQ,P29566GA18DD001
55951,Diamond 3D Edge Open Ring,https://youtu.be/4a0JOwD5Z9I,R29566GA18DD001
55961,Diamond Black Rhodium 3D Triangle Pendant with Chain,https://youtu.be/_RSG3kAYfxM,P29567GW18DD001
55960,Diamond Black Rhodium 3D Edge Open Ring,https://youtu.be/JnZ4hNtDkJg,R29567GW18DD001
55952,Diamond Lapis 3D Triangle Pendant with Chain,https://youtu.be/Vys84f7ka9I,P29568KY18LP001
56183,White Agate Diamond Ball Earrings,https://youtu.be/OlJNNMT8_QQ,E29569KP18AW001
56179,White Agate Diamond Ball Pendant with Chain,https://youtu.be/Gvt0RcOTnRA,P29569KP18AW001
56180,Fresh Water Pearl White Agate Diamond Ball Open Bangle,https://youtu.be/CvWygRwEnmc,B29569KP18V01001
56181,Carnelian Diamond Ball Pendant with Chain,https://youtu.be/uqAM6naO-gE,P29569KY18CL001
56182,Fresh Water Pearl Carnelian Diamond Ball Open Bangle,https://youtu.be/bUUhvrtnXRs,B29569KY18V02001
56185,Lapis Diamond Ball Pendant with Chain,https://youtu.be/MucxXrM906Y,P29570KY18LP001
56184,Fresh Water Pearl Lapis Diamond Ball Open Bangle,https://youtu.be/fRY8ozVuJ34,B29570KY18V01001
56187,Malachite Diamond Ball Pendant with Chain,https://youtu.be/rT82wVA2Wyk,P29570KY18MA001
56186,Fresh Water Pearl Malachite Diamond Ball Open Bangle,https://youtu.be/SzHUVfP7EIY,B29570KY18V02001
56199,White Mother of Pearl Diamond Open Bangle,https://youtu.be/6wbAfsNTzjo,B29571KP18MW001
56191,Fresh Water Pearl Diamond Ring,https://youtu.be/ImafgzVXIDM,R29572GW18PF001
56188,Fresh Water Pearl Diamond Open Bangle,https://youtu.be/iM3VeCcBHcI,B29572GW18PF001
56189,Red Agate Diamond Drop Earrings,https://youtu.be/5Br-Zy6XXp0,E29573KY18AD001
56190,Red Agate Diamond Open Bangle,https://youtu.be/rzI_qVJzbGc,B29573KY18AD001
56173,Diamond Planet Saturn Dangle Charm,https://youtu.be/y_xDT_JGxIc,P29574KY18DD001
56174,Diamond Hand Dangle Charm,https://youtu.be/Phc7Oh_Ns0g,P29575KY18DD001
56175,Diamond Snake Dangle Charm,https://youtu.be/qrKC8PIaTco,P29576KY18DD001
56170,Diamond Dangle Charm,https://youtu.be/fK5v4yRVXJ0,P29577KY18DD001
56171,Amethyst Circle Dangle Charm,https://youtu.be/ZHXQCvKfkEk,P29578KY18AM001
56172,Diamond Heart Dangle Charm,https://youtu.be/WAKqxiuBzDY,P29579KY18DD001
56168,Diamond Cross Dangle Charm,https://youtu.be/iVkrKynt3ZU,P29580KY18DD001
56169,Diamond Star Dangle Charm,https://youtu.be/a9AmdSv0TbA,P29581KY18DD001
56167,Orange Sapphire Beehive Dangle Charm,https://youtu.be/hktEtVcsuIY,P29582KY18SO001
56163,Diamond Dragonfly Dangle Charm,https://youtu.be/sFuTvRI0xWQ,P29583KY18DD001
56164,Diamond Butterfly Dangle Charm,https://youtu.be/tyPonSEonTU,P29584KY18DD001
56165,Diamond Moon Star Dangle Charm,https://youtu.be/PJ1tu55GWuQ,P29585KY18DD001
56166,Orange Sapphire Sun Dangle Charm,https://youtu.be/PMQGPDRZ-O4,P29586KY18SO001
56160,Sapphire Umbrella Dangle Charm,https://youtu.be/fB9HCDU9pyk,P29587KY18SA001
56161,Diamond Lightning Bolt Dangle Charm,https://youtu.be/Xo7caAvslBs,P29588KY18DD001
56162,Diamond Key Dangle Charm,https://youtu.be/XNvp69v-IA0,P29589KY18DD001
56157,Diamond Padlock Dangle Charm,https://youtu.be/0hJJRE2be1k,P29590KY18DD001
56158,Pink Sapphire Ribbion Dangle Charm,https://youtu.be/_lendSxw4ng,P29591KY18SP001
56159,Ruby Heart Dangle Charm,https://youtu.be/_q2RmQeyC4U,P29592KY18RB001
56154,Diamond Angel Wings Dangle Charm,https://youtu.be/EB1xGHTaVrY,P29593KY18DD001
56155,Blue Topaz Flower Dangle Charm,https://youtu.be/P8MR4Fo-Cuw,P29594KY18TB001
56156,Diamond Flower Dangle Charm,https://youtu.be/9L78QPwfYDY,P29595KY18DD001
56195,Red Agate Diamond Antique Lattice Pendant with Chain,https://youtu.be/WoxsO-8b-kI,P43498KY18AD001
56192,Red Agate Diamond Antique Lattice Earrings,https://youtu.be/XNdn8ecm1nI,E43498KY18AD001
56193,White Mother of Pearl Diamond Antique Lattice Bracelet,https://youtu.be/gZ4-Nmsbcy4,B43426KP18MW001
56194,White Mother of Pearl Diamond Antique Lattice Ring,https://youtu.be/OIaEk-kRD6c,R43498KP18MW001
56198,Lapis Diamond Antique Lattice Ring,https://youtu.be/3ftb3U01l4Q,R43498KP18LP001
56197,Malachite Diamond Antique Lattice Pendant with Chain,https://youtu.be/5ejUL3hOlvc,P43427KY18MA001
56511,Diamond Ribbed Hoop Earrings (S),https://youtu.be/JzSkHH96sEk,E43393GY18DD001
56506,Diamond Ribbed Ring (S),https://youtu.be/sbuH7i1PXU8,R43393GY18DD001
56507,Diamond Ribbed Pendant with Chain (S),https://youtu.be/cM2onVO_E0w,P43393GY18DD001
56508,Diamond Ribbed Hoop Earrings (L),https://youtu.be/DbPskuVWpF8,E43394GY18DD001
56509,Diamond Ribbed Ring (L),https://youtu.be/nhC4AliVw9g,R43394GY18DD001
56510,Diamond Ribbed Pendant with Chain (L),https://youtu.be/fS-rOUBOL94,P43394GY18DD001
56580,Diamond Crossover Engagement Ring,No Video (to be shoot),R29513KW14DD001
56573,Diamond Crossover Engagement Ring,No Video (to be shoot),R29514KW14DD001
56574,Diamond Crossover Engagement Ring,https://youtu.be/tia6ByJxHW4,R29515KW14DD001
56575,Diamond Crossover Engagement Ring,https://youtu.be/g53lLkatzPc,R29516KA14DD001
56576,Diamond Crossover Engagement Ring,https://youtu.be/TXJP7gv3Pzg,R29517KA14DD001
56577,Diamond Crossover Engagement Ring,https://youtu.be/wAqwclUAxsU,R29518KA14DD001
56578,Diamond Bypass Engagement Ring,https://youtu.be/Y3-6oVVM4vA,R29519KW14DD001
56579,Diamond Bypass Engagement Ring,https://youtu.be/s9Zah2X5334,R29520KW14DD001
56581,Diamond Dancing Wave Bypass Engagement Ring,https://youtu.be/fuloxdpNLHk,R29521KW14DD001
56582,Diamond Rope Bypass Engagement Ring,https://youtu.be/zPITRHZZCGQ,R29522KA14DD001
56583,Diamond Bezel Bypass Engagement Ring,https://youtu.be/Vs7By3ZkTzg,R29523KA14DD001
56584,Diamond Edge Bypass Engagement Ring,https://youtu.be/wOBZi9tEf9g,R29524KA14DD001
56594,Hollow Mount Plain Gold Engagement Ring,https://youtu.be/t1E-i3u38mQ,R29525KA14CZ001
56585,Hollow Mount Diamond Engagement Ring,https://youtu.be/UYnyCWzLohY,R29526KA14DD001
56586,Hollow Mount Diamond Engagement Ring,https://youtu.be/2EgfisLiRjc,R29527KA14DD001
56587,Hollow Mount Diamond Engagement Ring,https://youtu.be/0A-1yoNmMUY,R29528KA14DD001
56588,Hollow Mount Diamond Engagement Ring,https://youtu.be/7Yv6Xy7_8Aw,R29529KA14DD001
56589,Hollow Mount Diamond Engagement Ring,https://youtu.be/s7gqrMuVEQk,R29530KA14DD001
56600,Infinity Weave Diamond Engagement Ring,https://youtu.be/YLs4cKO0SBg,R29531KA14DD001
56595,Infinity Weave Diamond Engagement Ring,https://youtu.be/mZbMWx5StAs,R29532KA14DD001
56596,Infinity Weave Diamond Engagement Ring,https://youtu.be/0w1arJBlsAca,R29533KA14DD001
56597,Infinity Weave Diamond Engagement Ring,https://youtu.be/ZvIuVOVNZ8U,R29534KA14DD001
56598,Infinity Weave Diamond Engagement Ring,https://youtu.be/3wbPmvdZq0Q,R29535KC14DD001
56599,Infinity Weave Diamond Engagement Ring,https://youtu.be/VEjCfhPPv6o,R29536KC14DD001
56606,Stellar Diamond Flash-Set Engagement Ring,https://youtu.be/vvhh0w3JPQ0,R29537KA14DD001
56601,Stellar Diamond Flash-Set Engagement Ring,https://youtu.be/IpZWQwbWlbA,R29538KA14DD001
56602,Stellar Diamond Flash-Set Engagement Ring,https://youtu.be/3P-HsUyc9C4,R29539KA14DD001
56603,Stellar Diamond Flash-Set Engagement Ring,https://youtu.be/df26D1MePcU,R29540KA14DD001
56604,Stellar Diamond Flash-Set Engagement Ring,https://youtu.be/7eAAbCEIqW8,R29541KW14DD001
56605,Stellar Diamond Flash-Set Engagement Ring,https://youtu.be/V8i6bNqKGdE,R29542KW14DD001
56612,Rainbow Sapphire Diamond Engagement Ring,https://youtu.be/Ii404bh37GI,R29543KA14V01001
56607,Rainbow Sapphire Diamond Engagement Ring,https://youtu.be/8SgU_yf27nc,R29544KC14V01001
56608,Rainbow Sapphire Diamond Engagement Ring,https://youtu.be/Gpamcx9SybI,R29545KA14V01001
56609,Rainbow Sapphire Diamond Engagement Ring,https://youtu.be/8sZoiORVtAU,R29546KA14V01001
56610,Rainbow Sapphire Diamond Engagement Ring,https://youtu.be/WVCdXzdU5DE,R29547KA14V01001
56611,Rainbow Sapphire Diamond Engagement Ring,https://youtu.be/7710L8LZ0rY,R29548KC14V01001
56616,Sapphire Diamond Engagement Ring,https://youtu.be/cT3I6gnXMus,R29549KW14SA001
56613,Sapphire Diamond Engagement Ring,https://youtu.be/ntf0NJhPXUg,R29550KA14SA001
56614,Sapphire Diamond Engagement Ring,https://youtu.be/ODClWW6nsfM,R29551KW14SA001
56615,Sapphire Diamond Engagement Ring,https://youtu.be/mG4qFOhY1uA,R29552KW14SA001
56622,Diamond Cube Pattern Engagement Ring,https://youtu.be/VcIOASI1v-Q,R29598KA14DD001
56617,Diamond Honeycomb Pattern Engagement Ring,https://youtu.be/JJWni_0wGVk,R29599KA14DD001
56618,Diamond Pyramid Pattern Engagement Ring,https://youtu.be/CjO5Di9gxKw,R29600KA14DD001
56619,Diamond Segment Pattern Engagement Ring,https://youtu.be/aq5tiZP7NHc,R29601KA14DD001
56620,Diamond Pattern Engagement Ring,https://youtu.be/jT13V3rXGw8,R29602KW14DD001
56621,Diamond Segment Pattern Engagement Ring,https://youtu.be/jr3UJjRyxQw,R29603KC14DD001
56628,Dotted Diamond Row Engagement Ring,https://youtu.be/I2YkrxXqEEw,R29604KW14DD001
56623,Dotted Diamond Half Halo Engagement Ring,https://youtu.be/DS2j0dwrq8Q,R29605KW14DD001
56624,Dotted Diamond V-Shaped Engagement Ring,https://youtu.be/ERTubFLG55I,R29606KW14DD001
56625,Dotted Diamond Cube Engagement Ring,https://youtu.be/Nczay477iSM,R29607KA14DD001
56626,Dotted Diamond Twisted Engagement Ring,https://youtu.be/pXT6UNlM8eE,R29608KA14DD001
56627,Dotted Diamond Edge Engagement Ring,https://youtu.be/V3nhfwZ3NTo,R29609KA14DD001
56632,Beaded Diamond Engagement Ring,https://youtu.be/wGSfFW8q0Bo,R29610KA14DD001
56629,Beaded Diamond Engagement Ring,https://youtu.be/pQoTw-aVdMg,R29611KW14DD001
56630,Beaded Diamond Engagement Ring,https://youtu.be/ywoxO7Qh6hQ,R29612KC14DD001
56631,Beaded Diamond Engagement Ring,https://youtu.be/4q15eiRPszw,R29613KA14DD001
56516,Fresh Water Pearl Blue Topaz Diamond Pendant with Chain,https://youtu.be/brlp6jmGRF4,P29553KW14V01001
56512,Fresh Water Pearl Blue Topaz Diamond Earrings,https://youtu.be/xcWmPraqwm4,E29553KW14V01001
56515,Fresh Water Pearl Green Garnet Peridot Diamond Pendant with Chain,https://youtu.be/xhvrDvdEo2c,P29554KY14V01001
56517,Fresh Water Pearl Green Garnet Peridot Diamond Earrings,https://youtu.be/3C10j3iJdK4,E29554KY14V01001
56514,Fresh Water Pearl Blue Topaz Diamond Pendant with Chain,https://youtu.be/KtxkWxO4JOs,P29555KW14V01001
56513,Fresh Water Pearl Blue Topaz Diamond Earrings,https://youtu.be/4oeG5oUTTw4,E29555KW14V01001
56521,Rainbow Sapphire Diamond Open Circle Pendant with Chain,https://youtu.be/BHOTUrX7SRc,P29556KY14V01001
56518,Rainbow Sapphire Diamond Open Circle Pendant with Chain,https://youtu.be/OGl2U7NSiJg,P29557KP14V01001
56519,Rainbow Sapphire Diamond Open Circle Pendant with Chain,https://youtu.be/vDq4mpPpu8Y,P29558KY14V01001
56520,Rainbow Sapphire Diamond Open Circle Pendant with Chain,https://youtu.be/jcBwXyIwTIo,P29559KY14V01001
56524,Texture Diamond Circle Pendant with Chain,https://youtu.be/imkn_B8kBcw,P29560KY14DD001
56522,Texture Diamond Tag Pendant with Chain,https://youtu.be/g5-2DN5IIfQ,P29561KY14DD001
56523,Texture Diamond Oval Pendant with Chain,https://youtu.be/S6HEs2EMI2g,P29562KY14DD001
56528,Diamond Infinity Open Circle Pendant with Chain,https://youtu.be/GRspljWENJg,P29596KA14DD001
56525,Diamond Infinity Open Circle Earrings,https://youtu.be/snR9xXdvAJ8,E29596KA14DD001
56527,Diamond Infinity Link Pendant with Chain,https://youtu.be/VSXgelyz_Ic,P29597KC14DD001
56526,Diamond Infinity Link Earrings,https://youtu.be/Xni2CErlMGw,E29597KC14DD001
53917,7 Stone Ruby and Diamond Ring (M),https://youtu.be/mkGl6hdezxE,R41734GW18RB001
53923,7 Stone Sapphire and Diamond Ring (L),https://youtu.be/6wIi7GZjIOc,R41735GW18SA001
53969,7 Stone Emerald and Diamond Ring (XL),https://youtu.be/6UoXjycP1O4,RA41735GW18EM001
53944,5 Stone Ruby and Diamond Ring (M),https://youtu.be/1RzOEcn4pJw,R41737GW18RB001
53946,5 Stone Sapphire and Diamond Ring (L),https://youtu.be/JgtoBJu5ckM,R41738GW18SA001
53951,5 Stone Sapphire and Diamond Ring (XL),https://youtu.be/6UoXjycP1O4,RA41738GW18SA001
54002,Sapphire and Diamond Channel Set Ring (9 Stone),https://youtu.be/iuR9iUqtNBs,ZD40792GW18SA001
54011,Emerald and Diamond Milgrain Grain Set Ring (11 Stone),https://youtu.be/GPv0xbFl6Rs,RB43155GW18EM001
54023,Oval Cut Emerald Diamond Ring (Center Stone 6 x 4mm),https://youtu.be/7afN87Hnilk,R43167GW18EM001
54024,Oval Cut Sapphire Diamond Ring (Center Stone 7 x 5mm),https://youtu.be/HH97Wa-OHq4,RA43167GA18SA001
54029,Oval Cut Sapphire Diamond Ring (Center Stone 8 x 6mm),https://youtu.be/uVIBVU02tvg,RB43167
54033,Round Emerald Diamond Ring (Center Stone 4mm),https://youtu.be/RuHci4ilvIM,R43168GW18EM001
54047,Round Sapphire Diamond Ring (Center Stone 6mm),https://youtu.be/EmxOXgd1hP0,RB43168
54152,Diamond Shared Prong Ring (0.25ct),https://youtu.be/6jvGSt6o7f4,ZA40793GW18DD002
54157,Diamond Shared Prong Ring (0.50ct),https://youtu.be/gRiCGhsKCpI,ZB40793GW18DD002
54158,Diamond Shared Prong Ring (0.75ct),https://youtu.be/zR21GCKJFMA,ZC40793GW18DD002
53806,11 Round Diamond Bar Set Ring (S),https://youtu.be/SmyFXI4_MwU,R41490GW18DD001
53818,9 Round Diamond Bar Set Ring (M),https://youtu.be/-mNr0HyldVg,RA41490GW18DD001
53819,7 Round Diamond Bar Set Ring (L),https://youtu.be/PuzSRTm4txs,RB41490GW18DD001
54190,Diamond Grain Set Ring (0.25ct),https://youtu.be/gxRaJbcY9ks,R41147GW18DD002
54197,Diamond Grain Set Ring (0.50ct),https://youtu.be/pgPokxU6rZY,RA41147GW18DD002
54208,Diamond Grain Set Ring (1.00ct),https://youtu.be/yUrCm9HM_a0,RC41147GW18DD001
54216,Diamond Krisscut Ring (0.50ct),https://youtu.be/6UoXjycP1O4,RA43157GW18DD001
54229,Princess Cut and Round Diamond Ring (S),https://youtu.be/3yXpJKeTItU,R43163GW18DD001
54230,Princess Cut and Round Diamond Ring (L),https://youtu.be/FV3ujOMTSNc,R43164GW18DD001
54247,Baguette and Round Diamond Ring (S),https://youtu.be/hk3TH8x8NVE,RA27935GW18DD002
54263,Baguette and Round Diamond Ring (XXL),https://youtu.be/-VVEGj9pBLA,R41141GW18DD001
54288,5 Stone Octagon Emerald Cut Diamond Ring,https://youtu.be/NVEPCOLutnA,R41142GW18DD001
54292,7 Stone Octagon Emerald Cut Diamond Ring,https://youtu.be/OLAYkWtbUlA,R41748GW18DD001
54293,9 Stone Octagon Emerald Cut Diamond Ring,https://youtu.be/BNNT4USu0CE,R41741GW18DD002
54297,7 Stone Octagon Emerald Cut Diamond Ring (S),https://youtu.be/_oBFvmYDl80,R41742GW18DD001
54301,7 Stone Octagon Emerald Cut Diamond Ring (L),https://youtu.be/fIK5Lf747HY,R41743GW18DD001
54308,5 Stone Octagon Emerald Cut Diamond Ring (S),https://youtu.be/DtQYY1skZX8,R41744GW18DD001
54312,5 Stone Octagon Emerald Cut Diamond Ring (M),https://youtu.be/xwWa8haSQxA,R41745GW18DD001
54313,5 Stone Octagon Emerald Cut Diamond Ring (L),https://youtu.be/cRSXHiI0qTg,R41746GW18DD001
54317,5 Stone Octagon Emerald Cut Diamond Ring (XL),https://youtu.be/JSnQXfhEBaA,R41747GW18DD001
42814,Octagon Emerald Cut Diamond Toi et Moi Ring,https://youtu.be/fCowxToSUpM,R28606GW18DD001
42820,Pear Shaped Diamond Toi et Moi Ring,https://youtu.be/2q4RNHJqCkI,R28608GW18DD001
42826,Asscher Cut Diamond Toi et Moi Ring,https://youtu.be/7gBAQ5X7zqQ,R28610GW18DD001
42829,Oval Shaped Diamond Toi et Moi Ring,https://youtu.be/HHT4e8RXVPg,R28611GW18DD001
53820,Round Diamond Toi et Moi Ring,https://youtu.be/Tc9IprHKjfg,R40436GW18DD001
53839,Pear Shaped Diamond Toi et Moi Ring,https://youtu.be/qWidMg6HkoA,R40437KP18DD001
53840,Princess Cut Diamond Toi et Moi Ring,https://youtu.be/3GglEi6vfsU,R40438GW18DD001
53850,Octagon Emerald Cut Diamond Toi et Moi Ring,https://youtu.be/nyIVWgKbPhA,R40439GW18DD001
53858,Octagon Emerald Cut and Pear Shaped Diamond Toi et Moi Ring,https://youtu.be/_p5UWj7FeVo,R40440GW18DD001
53862,Oval and Pear Shaped Diamond Toi et Moi Ring,https://youtu.be/jH7Od6HjM6I,R40441GW18DD001
54321,Diamond Pav矇 Set Ring (S),https://youtu.be/YZa-femIbLc,R28814GW18DD003
54322,Diamond Pav矇 Set Ring (M),https://youtu.be/4S8hUWMHiXA,R28815GW18DD001
54407,Diamond Pav矇 Set Dome Ring (S),https://youtu.be/bCgUQzryfAg,R28803GW18DD001
54502,Diamond Pav矇 Set Dome Ring (M),https://youtu.be/FnKjFu42n0w,R28804GW18DD001
54507,Diamond Pav矇 Set Dome Ring (L),https://youtu.be/87mf19cnTRw,R28805GW18DD001
54511,Diamond Pav矇 Set Dome Ring (XL),https://youtu.be/W-ZSGB7VOZE,R28806GW18DD001
54529,Octagon Emerald Cut Diamond Halo Ring,https://youtu.be/34kB5PDWLZA,R42172GW18DD001
54538,Oval Cut Diamond Halo Ring,https://youtu.be/iDmtKhHWhLU,RA42174GW18DD001
54542,Pear Shaped Diamond Halo Ring,https://youtu.be/F8klk4ysmok,RA42175GW18DD001
54552,Diamond 2 Row Crossover Ring,https://youtu.be/mfYrNE_JwHI,RA43171GA18DD001
54560,Diamond 3 Row Crossover Ring,https://youtu.be/9_Ew3M2FQy0,RA43172GA18DD001
54581,Diamond Shared Prong Three Row Ring (S),https://youtu.be/KZ5jXzrN8TE,R43350KY18DD001
54585,Diamond Shared Prong Three Row Ring (L),https://youtu.be/vQAfTA0U5_E,R43351GW18DD001
54589,Diamond Claw Set Huggie Earrings (S),https://youtu.be/JwEZVGLwGc4,E39936GW18DD009
54598,Diamond Claw Set Huggie Earrings (M),https://youtu.be/C72DdlcZpN0,E39937KY18DD003
54602,Diamond Claw Set Huggie Earrings (L),https://youtu.be/E8HhUmMjCdk,E39938GW18DD010
54606,Diamond Claw Set Hoop Earrings (XL),https://youtu.be/I1dIqi1ncFY,E41137GW18DD004
54610,Diamond Claw Set Hoop Earrings (XXL),https://youtu.be/F1sfOR8eiaU,E41138GW18DD002
54614,Ruby and Diamond Claw Set Huggie Earrings (S),https://youtu.be/ujptS7uHckI,E39936GW18RB001
54618,Sapphire and Diamond Claw Set Huggie Earrings (M),https://youtu.be/UrzhPPyqlTE,E39937GW18V01001
54622,Emerald and Diamond Claw Set Huggie Earrings (L),https://youtu.be/wD_vbz5HlhE,E39938KY18EM001
54623,Sapphire and Diamond Claw Set Hoop Earrings (XL),https://youtu.be/o_HdanieP9c,E41137GW18SA001
54627,Emerald and Diamond Claw Set Hoop Earrings (XXL),https://youtu.be/ryU6tcAcOIY,E41138GW18EM001
54634,Sapphire and Diamond Shared Prong Huggie Earrings (S),https://youtu.be/fUr5WQS2Nvg,E43169GW18SA001
54643,Emerald and Diamond Shared Prong Huggie Earrings (L),https://youtu.be/tl3VG-w3Km4,E43170KY18EM001
54650,Diamond Shared Prong Huggie Earrings (0.50ct),https://youtu.be/R-OUG2UDK8s,E43169GW18DD001
54661,Diamond Shared Prong Huggie Earrings (1.00ct),https://youtu.be/rXSRw1ZYqQI,E43170GW18DD001
54666,Diamond Milgrain Grain Set Huggie Earrings (S),https://youtu.be/iQb6P-yI-T0,E43156GW18DD001
54670,Sapphire and Diamond Milgrain Grain Set Huggie Earrings (M),https://youtu.be/4m0fWO8cyRY,EA43156GW18SA001
54675,Diamond Milgrain Grain Set Huggie Earrings (L),https://youtu.be/3QUZFEcdQ-c,EB43156KY18DD001
54679,Emerald and Diamond Milgrain Grain Set Hoop Earrings (XL),https://youtu.be/_U7wv6J4i-8,EC43156GW18EM001
54683,Diamond Milgrain Grain Set Hoop Earrings (XXL),https://youtu.be/8yMLm3vlgr0,ED43156GW18DD001
54688,Diamond Pav矇 Set Huggie Earrings (S),https://youtu.be/LdSjmylAuWo,E28818GW18DD001
54693,Diamond Pav矇 Set Huggie Earrings (M),https://youtu.be/-pTgL4OYY9o,E28819GW18DD001
54697,Diamond Pav矇 Set Hoop Earrings (L),https://youtu.be/tqLlD9qKuPQ,E28820GW18DD001
54744,Diamond Pav矇 Set Dome Huggie Earrings (S),https://youtu.be/YjF9BW9_Ekg,E28807GW18DD001
54955,Diamond Pav矇 Set Dome Huggie Earrings (M),https://youtu.be/FASWPYAg0ZE,E28808GW18DD001
54979,Diamond Pav矇 Set Dome Hoop Earrings (L),https://youtu.be/UG1a3_7y4bA,E28809GW18DD001
54984,Baguette and Round Diamond Huggie Earrings (S),https://youtu.be/W_mzf6_qP5M,EA27935GW18DD001
54989,Baguette and Round Diamond Huggie Earrings (M),https://youtu.be/wbwGxLVLUTo,E27935GW18DD002
54993,Baguette and Round Diamond Huggie Earrings (L),https://youtu.be/zhBSrbIt_as,E27934GW18DD001
54998,Baguette and Round Diamond Huggie Earrings,https://youtu.be/326voIFwKWU,E27939GW18DD001
55002,Princess Cut and Round Diamond Huggie Earrings (S),https://youtu.be/fU2JiNa_bUM,E43163GW18DD001
55006,Princess Cut and Round Diamond Huggie Earrings (L),https://youtu.be/NRpubjHFKT8,E43164GW18DD001
55010,Baguette and Round Diamond Huggie Earrings (S),https://youtu.be/1JRb_5casAg,E43165GW18DD001
55019,Baguette and Round Diamond Huggie Earrings (L),https://youtu.be/BiUd3Uu5Two,E43166GW18DD001
55027,Diamond Shared Prong Three Row Huggie Earrings (S),https://youtu.be/QatwLG-hfv8,E43350KY18DD001
55029,Diamond Shared Prong Three Row Huggie Earrings (L),https://youtu.be/BLxyESIW9_Y,E43351GW18DD001
55033,Octagon Emerald Cut Diamond Huggie Earrings (S),https://youtu.be/8nt8CU4XLTc,E41832GW18DD001
55037,Octagon Emerald Cut Diamond Huggie Earrings (L),https://youtu.be/oUGOpz4UCZs,E41833GW18DD001
55041,Octagon Emerald Cut and Round Diamond Huggie Earrings (S),https://youtu.be/1Ol30sxzwSQ,E25097GW18DD024
55048,Octagon Emerald Cut and Round Diamond Huggie Earrings (L),https://youtu.be/1pobZ1P8Z8Y,E25096GW18DD001
55052,Diamond Claw Set Huggie Earrings (S),https://youtu.be/e8g5X3EiSaI,E22920GW18DD027
55057,Diamond Claw Set Huggie Earrings (L),https://youtu.be/iY8gMFKPUAw,E22921GW18DD023
55062,Diamond Claw Set Hoop Earrings (S),No Video,E26463GW18DD001
55066,Diamond Claw Set Hoop Earrings (L),No Video,E26464GW18DD001
55070,Gradudated Round and Pear Diamond Huggie Earrings,https://youtu.be/RJ5PU6zdsgE,E28534GW18DD001
58448,Black and White Diamond Pendant with Chain,https://youtu.be/yTfURB9Ag3U,P29672GA18DK001
58443,Black and White Diamond Link Ring,https://youtu.be/NgPpM6DCSU8,R29672GA18DK001
58444,Black and White Diamond Link Bracelet,https://youtu.be/rRHfpw9tvJY,B29672GA18DK001
58451,Black and White Diamond Pendant with Chain,https://youtu.be/6qP4KgTRXEE,P29673GA18DK001
58449,Black and White Diamond Link Ring,https://youtu.be/AmjJMCdFwTM,R29673GA18DK001
58450,Black and White Diamond Link Bracelet,https://youtu.be/oXsBSLPZZ4E,B29673GA18DK001
58445,Black and White Diamond Pendant with Chain,https://youtu.be/RRl3RsDTUIE,P29674GA18DK001
58446,Black and White Diamond Link Ring,https://youtu.be/0y7WSxSpljs,R29674GA18DK001
58447,Black and White Diamond Bracelet,https://youtu.be/fud-g4HLpW8,B29674GA18DK001
58616,Diamond Necklace,No Video,N29618GW18DD001
58610,Diamond Ring,https://youtu.be/3Vg6D5P37JI,R29618GW18DD001
58612,Diamond Drop Earrings,https://youtu.be/RWOm6cda2rA,E29641GW18DD001
58611,Diamond Bracelet,https://youtu.be/essLxSmgAS4,B29641GW18DD001
58613,Diamond Gold Beaded Earrings,https://youtu.be/2JPDEgghZZE,E29642GC18DD001
58614,Diamond Gold Beaded Ring,https://youtu.be/MjPLEhtQAGs,R29642GC18DD001
58615,Diamond Gold Beaded Bracelet,https://youtu.be/Nu65czGG3Hs,B29642GC18DD001
58620,Diamond Gold Bar Necklace,No Video,N29643GA18DD001
58617,Diamond Gold Bar Drop Earrings,https://youtu.be/7oCwy2e6cUM,E29643GA18DD001
58618,Diamond Gold Bar Ring,https://youtu.be/kAm_kqk2IF4,R29643GA18DD001
58619,Diamond Gold Bar Bracelet,https://youtu.be/R9A6kC_4VgU,B29643GA18DD001
58502,Diamond Chunky Link Necklace,https://youtu.be/wv9NIUfU9tw,N29644KY18DD001
58498,Diamond Chunky Link Bracelet,https://youtu.be/xqRYYyGyx6g,B29644KY18DD001
58505,Diamond Link Pendant with Chain,https://youtu.be/81VARyXy6ds,P29645KY18DD001
58503,Diamond Link Earrings,https://youtu.be/756rLTP-gNc,E29645KY18DD001
58504,Diamond Large Link Necklace,https://youtu.be/GuqhRfvgfxI,N29646KP18DD001
58506,Diamond Earrings,https://youtu.be/T75SW4ebut4,E29646KP18DD001
58507,Diamond Chunky Link Bracelet,https://youtu.be/qL1OmIQqrF0,B29646KP18DD001
58499,Diamond Chunky Link Necklace,https://youtu.be/cyHWr16SAsY,N29647KP18DD001
58508,Diamond Chunky Link Bracelet,https://youtu.be/Ju6MYJebUOc,B29647KP18DD001
58500,Diamond Link Pendant with Chain,https://youtu.be/kBhNUxpfqDQ,P29648KY18DD001
58501,Diamond Link Earrings,https://youtu.be/IKiiZ-veSbQ,E29648KY18DD001
58558,Sprinkle of Diamonds Drop Pendant with Chain,https://youtu.be/2Y1PIoDQMwY,P29649KY18DD001
58552,Sprinkle of Diamonds Drop Ring,https://youtu.be/x04DYpf6uOo,R29649KY18DD001
58553,Sprinkle of Diamonds Drop Open Bangle,https://youtu.be/t2zrkzLEVnA,B29649KY18DD001
58554,Sprinkle of Diamonds Drop Earrings,https://youtu.be/741f11eYKrY,E29649KY18DD001
58562,Sprinkle of Diamonds Open Circle Pendant with Chain,https://youtu.be/qrCZ24Lh-TI,P29650GA18DD001
58559,Sprinkle of Diamonds Ring,https://youtu.be/tZ3xH-bjHHo,R29650GA18DD001
58560,Sprinkle of Diamonds Bangle,https://youtu.be/5-lnTqiGP-I,B29650GA18DD001
58561,Sprinkle of Diamonds Huggie Earrings,https://youtu.be/WXLlw1XESp0,E29650GA18DD001
58555,Sprinkle of Diamonds Barrel Pendant with Chain,https://youtu.be/PE-v2-mNi6M,P29651GW18DD001
58556,Sprinkle of Diamonds Ring,https://youtu.be/uSoCBAJsKo0,R29651GW18DD001
58557,Sprinkle of Diamonds Huggie Earrings,https://youtu.be/MRjiZ-tdHJg,E29651GW18DD001
58689,Special-Cut Sapphire Diamond Curve Necklace,No Video,N29658GW18SA001
58683,Special-Cut Sapphire Diamond Criss Cross Ring,https://youtu.be/fMenxHT-yf4,R29658GW18SA001
58684,Special-Cut Sapphire Diamond Curve Earrings,https://youtu.be/jpUuTbJRrV4,E29658GW18SA001
58692,Special-Cut Sapphire Diamond Crossover Curve Pendant with Chain,https://youtu.be/gDFAJNVJNZ0,P29659GW18SA001
58685,Special-Cut Sapphire Diamond Crossover Bangle,https://youtu.be/Vp7KWsD-BfU,B29659GW18SA001
58690,Special-Cut Sapphire Diamond Crossover Earrings,https://youtu.be/PBiV1jzl5gY,E29659GW18SA001
58691,Special-Cut Sapphire Diamond Crossover Ring,https://youtu.be/dq4a880cMrA,R29659GW18SA001
58695,Special-Cut Sapphire Diamond Criss Cross Earrings,https://youtu.be/Cta3gbEP10A,E29660GW18SA001
58693,Special-Cut Sapphire Diamond Crossover Cascade Pendant with Chain,https://youtu.be/LFIRLr8BH1w,P29660GW18SA001
58694,Special-Cut Sapphire Diamond Crossover Ring,https://youtu.be/-lj6V9jT7VE,R29660GW18SA001
58697,Special-Cut Sapphire Diamond Open Circle Earrings,https://youtu.be/F774P1JxMQc,E29661GW18SA001
58696,Special-Cut Sapphire Diamond Open Circle Pendant with Chain,https://youtu.be/yCQqWpBDgcc,P29661GW18SA001
58698,Special-Cut Ruby Diamond Open Dewdrop Earrings,https://youtu.be/KXsubdK4UTU,E29662GW18RB001
58686,Special-Cut Ruby Diamond Open Dewdrop Pendant with Chain,No Video (to be shoot),P29662GW18RB001
58688,Special-Cut Emerald Diamond Open Dewdrop Pendant with Chain,https://youtu.be/Fs2Ao1DtMno,P29662GW18EM002
58687,Special-Cut Rainbow Sapphire Diamond Open Circle Pendant with Chain,No Video (to be shoot),P29661KP18SR001
58798,Diamond Woven Necklace,No Video,N29663GA18DD001
58792,Diamond Woven Ring,https://youtu.be/jthi3rnuYfA,R29663GA18DD001
58793,Diamond Woven Huggie Earrings,https://youtu.be/oS6_iQtDI6g,E29663GA18DD001
58794,Diamond Woven Bracelet,https://youtu.be/vYmprmCH6wc,B29663GA18DD001
58802,Diamond Woven Huggie Earrings,https://youtu.be/yLi8HH_31Yo,E29664GW18DD001
58800,Diamond Woven Bangle,https://youtu.be/5lkLW_ZNFvw,B29664GW18DD001
58801,Diamond Woven Ring,https://youtu.be/X3sLufl0axc,R29664GW18DD001
58806,Diamond Woven Mesh Earrings,https://youtu.be/IgaiOPjhZiY,E29665GC18DD001
58803,Diamond Woven Bracelet,https://youtu.be/rab5kk5zSHE,B29665GC18DD001
58804,Diamond Woven Ring,https://youtu.be/GwEOBcdy37Y,R29665GW18DD001
58805,Diamond Woven Huggie Earrings,https://youtu.be/cYUbxcOvenE,EA29665GW18DD001
58795,Diamond Woven Barrel Pendant with Chain,https://youtu.be/h8cpyb9i170,P29666GA18DD001
58796,Diamond Woven Huggie Earrings,https://youtu.be/CJ6yAmpvBfo,E29666GA18DD001
58797,Diamond Woven Ring,https://youtu.be/0t88Tigue2Q,R29666GA18DD001
58799,Diamond Woven Bangle,https://youtu.be/k4zxNh8Ucec,B29666GA18DD001
58869,Miracle Set Diamond Drizzle Necklace,Video not upload,N29667GC18DD001
58863,Miracle Set Diamond Curve Pendant with Chain,https://youtu.be/2hbvZ0EjFLI,P29668GA18DD001
58864,Miracle Set Diamond Huggie Earrings,https://youtu.be/J2TynQJSKcU,E29668GA18DD001
58865,Miracle Set Diamond Bracelet,https://youtu.be/poCVRjQToig,B29668GA18DD001
58873,Miracle Set Pear Cut Diamond Curve Pendant with Chain,https://youtu.be/ft-cQxSeLGo,P29669GA18DD001
58870,Miracle Set Pear Cut Diamond Ring,https://youtu.be/j2Rh-26T1JY,R29669GA18DD001
58871,Miracle Set Pear Cut Diamond Drop Earrings,https://youtu.be/ca_jdbBJCN0,E29669GA18DD001
58872,Miracle Set Pear Cut Diamond Bracelet,https://youtu.be/eaXNUxNlksQ,B29669GA18DD001
58875,Miracle Set Pear Cut Diamond Open Flower Pendant with Chain,https://youtu.be/lKRoXSvcHvE,P29670GA18DD001
58874,Miracle Set Pear Cut Diamond Open Flower Earrings,https://youtu.be/VbGUBGhbQ7M,E29670GA18DD001
58866,Miracle Set Marquise Cut Diamond Eternity Pendant with Chain,https://youtu.be/3UJJs1GEgj0,P29671GA18DD001
58867,Miracle Set Marquise Cut Diamond Curve Earrings,https://youtu.be/8jNJHdNn71g,E29671GA18DD001
58868,Miracle Set Marquise Cut Diamond Bracelet,https://youtu.be/gb-rww0sKPw,B29671GA18DD001
58918,Diamond Button Ring,https://youtu.be/Z3fLpEWB8rs,R29675GA18DD001
58913,Diamond Button Ring,https://youtu.be/J0b95E4GJeQ,RA29675GA18DD001
58914,Diamond Button Pendant with Chain,https://youtu.be/ERdzNBse_kA,P29675GA18DD001
58921,Diamond Button Stud Earrings,https://youtu.be/P8dhJ6vYbAg,E29676KY18DD001
58920,Diamond Button Pendant with Chain,https://youtu.be/UIgh_QfIxFc,P29676KY18DD001
58922,Diamond Button Stud Earrings,https://youtu.be/noNgRwy0xeU,E29677GA18DD001
58919,Diamond Button Pendant with Chain,https://youtu.be/uhR8k0mBm4I,P29677GA18DD001
58923,Black Agate Diamond Button Stud Earrings,https://youtu.be/AIeeBJfXWZI,E29678GW18AB001
58917,Black Agate Diamond Button Ring,https://youtu.be/G24vKhpLhMM,R29678GW18AB001
58916,Diamond Criss Cross Earrings,https://youtu.be/9bMoA5FJbAs,E29679KY18DD001
58915,Diamond Criss Cross Ring,https://youtu.be/vkDUOc9KIwA,R29679KY18DD001
58987,Diamond Bonecraft Necklace,https://youtu.be/FvVOOr5aqYE,N29680GA18DD001
58981,Diamond Bonecraft Ring,https://youtu.be/W_4cTKlnFmo,R29680GA18DD001
58982,Diamond Bonecraft Huggie Earrings,https://youtu.be/QSezZ-vyMRg,E29680GA18DD001
58983,Diamond Bonecraft Bracelet,https://youtu.be/wftCmTXwh1c,B29680GA18DD001
58992,Diamond Bonecraft Ring,https://youtu.be/6em6ijWPZLA,R29681GA18DD001
58984,Diamond Bonecraft Huggie Earrings,https://youtu.be/w_KAl1lZWO0,E29681GA18DD001
58986,Diamond Bonecraft Bracelet,https://youtu.be/ApecHOydrVg,B29681GA18DD001
58989,Diamond Bonecraft Ring,https://youtu.be/w_8R2zRqlsg,R29682GA18DD001
58993,Diamond Bonecraft Huggie Earrings,https://youtu.be/xJEdsxdgwlQ,E29682GA18DD001
58994,Diamond Bonecraft Bracelet,https://youtu.be/Kg7ZBeWTlu8,B29682GA18DD001
58991,Black Agate Diamond Bonecraft Ring,https://youtu.be/Bqfbt9VZIjI,R29683GA18AB001
58995,Black Agate Diamond Bonecraft Bracelet,https://youtu.be/QeakxcLf2lA,B29683GA18AB001
58729,Special-Cut Diamond Open Circle Pendant with Chain,https://youtu.be/gyQv4qYViEw,P29686GW18DD001
58730,Special-Cut Diamond Open Teardrop Pendant with Chain,https://youtu.be/clSsvKjvxro,P29687GW18DD001
59017,Diamond Twist Link Drop Earrings,https://youtu.be/04pTEydBGYc,E29750GA18DD001
59012,Diamond Twist Link Drop Pendant with Chain,https://youtu.be/vUiEF2e-vs0,P29750GA18DD001
59013,Diamond Twist Link Ring,https://youtu.be/nNW2FCABPTY,R29750GA18DD001
59019,Diamond Oval Link Drop Earrings,https://youtu.be/38hM0_svrIc,E29751GA18DD001
59018,Diamond Oval Link Drop Pendant with Chain,https://youtu.be/ah2nmMP-14g,P29751GA18DD001
59022,Diamond Open Circle Drop Earrings,https://youtu.be/Wrphtg8iJ6w,E29752KY18DD001
59020,Diamond Open Circle Drop Pendant with Chain,https://youtu.be/YFoM8r6MKIQ,P29752KY18DD001
59021,Diamond Dewdrop Earrings,https://youtu.be/mJw7vjs0o-c,E29753KY18DD001
59026,Diamond Dewdrop Pendant with Chain,https://youtu.be/wgRToKEfe7U,P29753KY18DD001
59015,Diamond Heart Stud Earrings,https://youtu.be/fIJmA1zoLgw,E29755KP18DD001
59014,Diamond Heart Pendant with Chain,https://youtu.be/LuphLkUldGQ,P29755KP18DD001
59161,Diamond Twisted Spiral Open Circle Pendant with Chain,https://youtu.be/BJDwXTK_lx0,P43696KY18DD001
59156,Diamond Twisted Spiral Open Circle Pendant with Chain,https://youtu.be/5KJ8etsBfm8,PA43696KY18DD001
59157,Diamond Twisted Spiral Ring,https://youtu.be/wX06KCKgR1A,R43696KY18DD001
59158,Diamond Twisted Spiral Ring,https://youtu.be/LaakHu0ZNTc,R43697GW18DD001
59159,Diamond Twisted Spiral Huggie Earrings,https://youtu.be/ykacgXLB2X0,E43698KY18DD001
59160,Diamond Twisted Spiral Huggie Earrings,https://youtu.be/-qHf62YJG_E,EA43698KY18DD001
59168,Diamond Teardrop Pendant with Chain (S),https://youtu.be/ahkXBNMNRO8,P43915KY18DD001
59164,Diamond Teardrop Pendant with Chain (L),https://youtu.be/Td0TY-UbuZg,PA43915KY18DD001
59162,Diamond Teardrop Ring (S),https://youtu.be/BvA20MpQecM,R43915KY18DD001
59169,Diamond Teardrop Ring (L),https://youtu.be/osF_4CodMY4,RA43915KY18DD001
59163,Diamond Teardrop Earrings,https://youtu.be/ecLchjh0DeU,E43915KY18DD001
59170,Diamond Drop Shaped Pendant with Chain,https://youtu.be/aiiuExZkBR8,P43916KY18DD001
59171,Diamond Drop Shaped Ring,https://youtu.be/ABJ8UbzUqHI,R43916KY18DD001
59172,Diamond Drop Shaped Earrings,https://youtu.be/QADoYob89P4,E43916KY18DD001
59165,Diamond Teardrop Pendant with Chain,https://youtu.be/mcqMvOKxkO8,P43917KY18DD001
59166,Diamond Teardrop Ring,https://youtu.be/4yRdvs7ls4Q,R43917KY18DD001
59167,Diamond Teardrop Drop Earrings,https://youtu.be/XTaQUIPjzYA,E43917KY18DD001
59189,Marquise Cut Diamond Ribbed Dome Ring,https://youtu.be/J-MxFhR6SGc,R43923KY18DD001
59186,Marquise Cut Diamond Ribbed Dome Huggie Earrings,https://youtu.be/uEg9EUghRb8,E43923KY18DD001
59187,Marquise Cut Sapphire Diamond Ribbed Dome Ring,https://youtu.be/1f6rF-03AII,R43924GW18SA001
59188,Marquise Cut Green Garnet Diamond Leaf Pendant with Chain,https://youtu.be/VB2oSX0Fm5c,P43925KY18GG001
59194,Diamond Ribbed Barrel Pendant with Chain,https://youtu.be/6SdfrFr9_dQ,P43926GA18DD001
59190,Diamond Ribbed Ring (M),https://youtu.be/P3Ag8GF_veM,R43927GA18DD001
59191,Diamond Ribbed Huggie Earrings (S),https://youtu.be/yPOD8tuZMe0,E43927GA18DD001
59193,Diamond Ribbed Ring (L),https://youtu.be/3ArZYRoWSSw,R43928GA18DD001
59195,Diamond Ribbed Huggie Earrings (M),https://youtu.be/eq_TCCbCunQ,E43928GA18DD001
59192,Diamond Ribbed Ring (S),https://youtu.be/q7cl0-wmm6s,RA43927GA18DD001
59302,Diamond Diamond-Cut Link Earrings,https://youtu.be/8-CQ0rF9Xc0,E29635KA14DD001
59298,Diamond Diamond-Cut Link Pendant with Chain,https://youtu.be/dLGAEdDjYfA,P29635KA14DD001
59300,Diamond Diamond-Cut Open Circle Stud Earrings,https://youtu.be/lm5jB-PdI_c,E29636KA14DD001
59299,Diamond Diamond-Cut Open Circle Pendant with Chain,https://youtu.be/IR9P4IvklS8,P29636KA14DD001
59303,Diamond Diamond-Cut Open Circle Drop Earrings,https://youtu.be/dT-rbWa-GIU,E29637KA14DD001
59304,Diamond Diamond-Cut Open Circle Pendant with Chain,https://youtu.be/Lpn-aguYhiU,P29637KA14DD001
59301,Diamond Diamond-Cut Open Tag Pendant with Chain,https://youtu.be/BSwA22bKklU,P29638KA14DD001
59404,Plain Gold Bead Coin Engagement Ring,https://youtu.be/5euvn4wApdw,R29631KA14CZ001
59405,Diamond Gold Bead Coin Engagement Ring,https://youtu.be/UaD-TDtPR9c,R29632KA14DD001
59406,Diamond Gold Bead Coin Engagement Ring,https://youtu.be/yM0-apgV6ZI,R29633KC14DD001
59407,Diamond Gold Bead Coin Engagement Ring,https://youtu.be/SKFVPrrq488,R29634KA14DD001
59309,Diamond Diamond-Cut Butterfly Pendant with Chain,https://youtu.be/4bI2cttVJWQ,P29688KC14DD001
59305,Diamond Diamond-Cut Butterfly Stud Earrings,https://youtu.be/vuQqG0AZAUg,E29688KC14DD001
59308,Diamond Diamond-Cut Butterfly Pendant with Chain,https://youtu.be/qVZEdqc_bR4,P29689KA14DD001
59310,Diamond Diamond-Cut Butterfly Stud Earrings,https://youtu.be/rXqUV2i_iZY,E29689KA14DD001
59306,Diamond Diamond-Cut Maple Leaf Pendant with Chain,https://youtu.be/nlPKHLDGgoY,P29690KA14DD001
59307,Diamond Diamond-Cut Maple Leaf Stud Earrings,https://youtu.be/PQE0vdKm-_I,E29690KA14DD001
59314,Fresh Water Pearl Swiss Topaz Diamond Open Circle Pendant with Chain,https://youtu.be/HXwSNzR3fAo,P29701KW14V01001
59311,Amethyst Diamond Open Diamond Pendant with Chain,https://youtu.be/lStxWZTKlm0,P29702KC14AM001
59312,Peridot Diamond Open Tag Pendant with Chain,https://youtu.be/j2gdOg1LPok,P29703KA14PR001
59313,Fresh Water Pearl London Topaz Diamond V Pendant with Chain,https://youtu.be/tVYx8-EZ6VM,P29704KY14V01001
59315,Fresh Water Pearl Citrine Diamond Open Link Pendant with Chain,https://youtu.be/71oYKe4lLhw,P29705KA14V01001
59408,Diamond Geometric Engagement Ring,https://youtu.be/Cal0GG6ij0w,R29625KA14DD001
59409,Diamond Geometric Engagement Ring,https://youtu.be/fX5UHRjNPM8,R29626KA14DD001
59410,Diamond Geometric Engagement Ring,https://youtu.be/MfWb_2-QHXU,R29627KC14DD001
59411,Diamond Geometric Engagement Ring,https://youtu.be/szQP4G3g5I8,R29628KW14DD001
59415,Diamond Geometric Engagement Ring,https://youtu.be/J_vaL3Cjl0Q,R29629KA14DD001
59416,Diamond Geometric Engagement Ring,https://youtu.be/dd2oT9CCFvQ,R29630KA14DD001
59420,Marquise Cut Diamond Knife Edge Engagement Ring,https://youtu.be/k4LE2u2Pj7k,R29706KA14DD001
59424,Diamond Knife Edge Engagement Ring,https://youtu.be/OZ6SX-t_KbE,R29707KA14DD001
59428,Diamond Knife Edge Engagement Ring,https://youtu.be/D2QziN9g_D4,R29708KC14DD001
59429,Pear Shaped and Marquise Cut Diamond Knife Edge Engagement Ring,https://youtu.be/cdrbUqtJW4Q,R29709KW14DD001
59430,Marquise Cut Diamond Cluster Engagement Ring,https://youtu.be/kpJO80SC5eo,R29710KC14DD001
59431,Marquise Cut Diamond Cluster Engagement Ring,https://youtu.be/UUOTBogqEeQ,R29711KW14DD001
59432,Marquise Cut Diamond Cluster Engagement Ring,https://youtu.be/veGKWtubAOs,R29712KA14DD001
59433,Marquise Cut Diamond Cluster Engagement Ring,https://youtu.be/f5y9f_KCfBI,R29713KW14DD001
59434,Diamond Polygon Block Engagement Ring,https://youtu.be/rKe8A9LEENw,R29691KW14DD001
59435,Diamond Polygon Block Engagement Ring,https://youtu.be/257QYn1vxPk,R29692KA14DD001
59436,Diamond Polygon Block Engagement Ring,https://youtu.be/JXzcRCdTvWM,R29693KA14DD001
59437,Diamond Polygon Block Engagement Ring,https://youtu.be/U-lJl-AieWk,R29694KA14DD001
59438,Diamond Polygon Block Engagement Ring,https://youtu.be/YpPfIHHEI_U,R29695KA14DD001
59442,Diamond Polygon Block Engagement Ring,https://youtu.be/P0-jTs4l7-4,R29696KA14DD001
59446,Diamond Wide Band Engagement Ring,https://youtu.be/6vOBtWQbEtA,R29697KA14DD001
59450,Diamond Wide Band Engagement Ring,https://youtu.be/aVB9ThaPu2k,R29698KW14DD001
59454,Diamond Wide Band Engagement Ring,https://youtu.be/iMYTvH5MHV0,R29699KW14DD001
59458,Diamond Wide Band Engagement Ring,https://youtu.be/h77-3LJK3F4,R29700KW14DD001
59462,Diamond Wide Band Matching Ring,https://youtu.be/7n1NJhsvaak,Z29697KY14DD001
59463,Diamond Wide Band Matching Ring,https://youtu.be/p2o2fZDvROk,Z29698KW14DD001
59464,Diamond Wide Band Matching Ring,https://youtu.be/7uI7M6_vycs,Z29699KW14DD001
59465,Diamond Wide Band Matching Ring,https://youtu.be/7nSR94Ovrdk,Z29700KW14DD001
59466,Brilliant Cut Diamond Hidden Halo Engagement Ring,https://youtu.be/cQRaTVF6dpU,R29714KW14DD001
59467,Oval Shaped Diamond Hidden Halo Engagement Ring,https://youtu.be/7K0DGSsZKpo,R29715KW14DD001
59468,Emerald Cut Diamond Hidden Halo Engagement Ring,https://youtu.be/SRYtaiwgHYQ,R29716KW14DD001
59469,Brilliant Cut Diamond Hidden Halo Engagement Ring,https://youtu.be/q3ivlfK05z0,R29717KW14DD001
59470,Emerald Cut Diamond Hidden Halo Engagement Ring,https://youtu.be/KZxSlhCgycc,R29718KW14DD001
59471,Pear Shaped Diamond Hidden Halo Engagement Ring,https://youtu.be/Ghn5RwQPF6E,R29719KW14DD001
59322,Black Agate Diamond Men Ring,https://youtu.be/o5USZSfVuEc,R29720KY14AB001
59323,Diamond Men Ring,https://youtu.be/rwOl7A2BtAs,R29721KW14DD001
59324,Malachite Diamond Men Ring,https://youtu.be/rwOl7A2BtAs,R29722KY14MA001
59325,Diamond Men Ring,https://youtu.be/1iMF9kSBWo4,R29723KY14DD001
59326,Black Agate Men Ring,https://youtu.be/dsrlvbvdLgE,R29724KY14AB001
59327,Diamond Men Ring,https://youtu.be/Gnq91rDqDxc,R29725KY14DD001
59328,Plain Gold Men Ring,https://youtu.be/bnLwZ0HxEkg,R29726KY14XX001
59337,Plain Gold Men Ring,https://youtu.be/wS5jfHirpYw,R29726KW14XX001
59329,Plain Gold Men Ring,https://youtu.be/X-2V3heL2Pc,R29727KY14XX001
59330,Princess Cut Black Diamond Titanium Men Ring,https://youtu.be/2KoVmpR2S64,R29728KW14DK001
59331,Diamond Titanium Men Ring,https://youtu.be/wAZcsirclm8,R29729KY14DD001
59332,Princess Cut Diamond Men Ring,https://youtu.be/2cIK5Ns0-HA,R29730KW14DD001
59333,Princess Cut Diamond Men Ring,https://youtu.be/4Jl6obV0UI8,R29731KY14DD001
59334,Black Diamond Men Ring,https://youtu.be/XxZVZPmPcD4,R29732KW14DK001
59335,Black Diamond Men Ring,https://youtu.be/v3Qe3uK8ZQo,R29733KW14DK001
59475,Round Diamond Bezel Set Plain Gold Engagement Ring,https://youtu.be/t1Y66M3NlWM,R29734KY14CZ001
59479,Round Diamond Prong Set Plain Gold Engagement Ring,https://youtu.be/YNZzeniGfj0,R29735KW14DD001
59483,Oval Shaped Diamond Prong Set Plain Gold Engagement Ring,https://youtu.be/WxN6p7vrWMo,R29736KW14DD001
59487,Octagon Emerald Shaped Diamond Bezel Set Plain Gold Engagement Ring,https://youtu.be/xXCL2cKda_s,R29737KY14CZ001
59491,Octagon Emerald Shaped Diamond Plain Gold Engagement Ring,https://youtu.be/Je5agM9QALY,R29738KY14CZ001
59495,Diamond Fancy Twist Shank Engagement Ring,https://youtu.be/m-9ZMSJ2KK4,R29739KA14DD001
59499,Diamond Fancy Twist Shank Engagement Ring,https://youtu.be/cZOQ-H8tRFY,R29740KA14DD001
59503,Sapphire Diamond Fancy Twist Shank Engagement Ring,https://youtu.be/fn6I0J35eRA,R29741KW14V01001
59504,Diamond Fancy Twist Shank Engagement Ring,https://youtu.be/Mg7JlOzD2yw,R29742KA14DD001
59630,Rainbow Sapphire Diamond Fancy Twist Shank Engagement Ring,https://youtu.be/OIsajGrcVpk,R29742KW14V01001
59505,Pear Shaped Diamond Fancy Engagement Ring,https://youtu.be/6R9vRpAtHP8,R29743KW14DD001
59506,Pear Shaped Sapphire Fancy Engagement Ring,https://youtu.be/OrYv8g6k1z0,R29744KW14SA001
59507,Pear Shaped Diamond Fancy Engagement Ring,https://youtu.be/3lm928zvaIA,R29745KW14DD001
59508,Marquise Cut Sapphire Diamond Fancy Engagement Ring,https://youtu.be/pd1mtoRjvys,R29746KW14V01001
59509,Octagon Emerald Cut Diamond Fancy Engagement Ring,https://youtu.be/js-HipMXR70,R29747KA14DD001
59510,Oval Shaped Diamond Fancy Engagement Ring,No Video (to be shoot),R29748KA14DD001
59348,Diamond Special Setting Hoop Earrings,https://youtu.be/cuaqTagz2wM,E29749KY14DD001
59345,Diamond Special Setting Engagement Ring,https://youtu.be/63yfbbhPHtE,R29749KA14DD001
59346,Diamond Special Setting Matching Ring,https://youtu.be/3QAxOhPqiOA,Z29749KY14DD001
59347,Diamond Special Setting Open Circle Pendant with Chain,https://youtu.be/00Mf_HHW0Cc,P29749KY14DD001
59356,Pear Shaped Diamond Drop Necklace,Video not upload,N29684GW18DD001
59349,Pear Shaped Diamond Ring,https://youtu.be/pmnbuNNa4qo,R29684GW18DD001
59350,Pear Shaped Diamond Drop Earrings,https://youtu.be/Z5LXUPCYfUA,E29684GW18DD001
59351,Pear Shaped Diamond Bangle,https://youtu.be/J-wzIem92Jk,B29684GW18DD001
59352,Fancy Shaped Diamond Drop Necklace,Video not upload,N29685GW18DD001
59353,Fancy Shaped Diamond Ring,https://youtu.be/-dJj4uEf2R4,R29685GW18DD001
59354,Fancy Shaped Diamond Drop Earrings,https://youtu.be/1NGFK842ywk,E29685GW18DD001
59355,Fancy Shaped Diamond Drop Bracelet,https://youtu.be/bEOCt-qQU2I,B29685GW18DD001
